Name,m,n,nlncon,lincon,neqcon,nnobj,nnjac,nnzj,nnzh,CUTEst classification,tags,
10FOLDTR,1000,1000,2,998,1000,0,1000,501500,500500,NOR2-AN-V-0,,
3PK,0,30,0,0,0,0,0,0,230,SBR2-MN-30-0,BC,
A0ENDNDL,15002,45006,0,15002,15002,45006,0,125001,75010,QLR2-AN-45006-15002,QP,
A0ENINDL,15002,45006,0,15002,15002,45006,0,125001,75010,QLR2-AN-45006-15002,QP,
A0ENSNDL,15002,45006,0,15002,15002,45006,0,123031,75010,QLR2-AN-45006-15002,QP,
A0ESDNDL,15002,45006,0,15002,15002,45006,0,125002,75010,QLR2-AN-45006-15002,QP,
A0ESINDL,15002,45006,0,15002,15002,45006,0,125002,75010,QLR2-AN-45006-15002,QP,
A0ESSNDL,15002,45006,0,15002,15002,45006,0,123032,75010,QLR2-AN-45006-15002,QP,
A0NNDNDL,20004,60012,0,20004,20004,60012,0,175015,100020,QLR2-AN-60012-20004,QP,
A0NNDNIL,20004,60012,0,20004,20004,60012,0,175015,100020,QLR2-AN-60012-20004,QP,
A0NNDNSL,20004,60012,0,20004,20004,60012,0,173046,100020,QLR2-AN-60012-20004,QP,
A0NNSNSL,20004,60012,0,20004,20004,60012,0,171111,100020,QLR2-AN-60012-20004,QP,
A0NSDSDL,20004,60012,0,20004,20004,60012,0,175017,100020,QLR2-AN-60012-20004,QP,
A0NSDSDS,2004,6012,0,2004,2004,6012,0,17116,10020,QLR2-AN-6012-2004,QP,
A0NSDSIL,20004,60012,0,20004,20004,60012,0,175017,100020,QLR2-AN-60012-20004,QP,
A0NSDSSL,20004,60012,0,20004,20004,60012,0,173047,100020,QLR2-AN-60012-20004,QP,
A0NSSSSL,20004,60012,0,20004,20004,60012,0,171113,100020,QLR2-AN-60012-20004,QP,
A2ENDNDL,15002,45006,0,15002,15002,45006,0,125001,75010,QLR2-AN-45006-15002,QP,
A2ENINDL,15002,45006,0,15002,15002,45006,0,125001,75010,QLR2-AN-45006-15002,QP,
A2ENSNDL,15002,45006,0,15002,15002,45006,0,123031,75010,QLR2-AN-45006-15002,QP,
A2ESDNDL,15002,45006,0,15002,15002,45006,0,125002,75010,QLR2-AN-45006-15002,QP,
A2ESINDL,15002,45006,0,15002,15002,45006,0,125002,75010,QLR2-AN-45006-15002,QP,
A2ESSNDL,15002,45006,0,15002,15002,45006,0,123032,75010,QLR2-AN-45006-15002,QP,
A2NNDNDL,20004,60012,0,20004,20004,60012,0,175015,100020,QLR2-AN-60012-20004,QP,
A2NNDNIL,20004,60012,0,20004,20004,60012,0,175015,100020,QLR2-AN-60012-20004,QP,
A2NNDNSL,20004,60012,0,20004,20004,60012,0,173046,100020,QLR2-AN-60012-20004,QP,
A2NNSNSL,20004,60012,0,20004,20004,60012,0,171111,100020,QLR2-AN-60012-20004,QP,
A2NSDSDL,20004,60012,0,20004,20004,60012,0,175017,100020,QLR2-AN-60012-20004,QP,
A2NSDSIL,20004,60012,0,20004,20004,60012,0,175024,100020,QLR2-AN-60012-20004,QP,
A2NSDSSL,20004,60012,0,20004,20004,60012,0,173047,100020,QLR2-AN-60012-20004,QP,
A2NSSSSL,20004,60012,0,20004,20004,60012,0,171113,100020,QLR2-AN-60012-20004,QP,
A4X12,385,130,192,193,1,0,130,3203,1027,LQR2-AN-130-385,,
A5ENDNDL,15002,45006,0,15002,15002,45006,0,125001,75010,QLR2-AN-45006-15002,QP,
A5ENINDL,15002,45006,0,15002,15002,45006,0,125001,75010,QLR2-AN-45006-15002,QP,
A5ENSNDL,15002,45006,0,15002,15002,45006,0,123031,75010,QLR2-AN-45006-15002,QP,
A5ESDNDL,15002,45006,0,15002,15002,45006,0,125002,75010,QLR2-AN-45006-15002,QP,
A5ESINDL,15002,45006,0,15002,15002,45006,0,125002,75010,QLR2-AN-45006-15002,QP,
A5ESSNDL,15002,45006,0,15002,15002,45006,0,123032,75010,QLR2-AN-45006-15002,QP,
A5NNDNDL,20004,60012,0,20004,20004,60012,0,175015,100020,QLR2-AN-60012-20004,QP,
A5NNDNIL,20004,60012,0,20004,20004,60012,0,175015,100020,QLR2-AN-60012-20004,QP,
A5NNDNSL,20004,60012,0,20004,20004,60012,0,173046,100020,QLR2-AN-60012-20004,QP,
A5NNSNSL,20004,60012,0,20004,20004,60012,0,171111,100020,QLR2-AN-60012-20004,QP,
A5NSDSDL,20004,60012,0,20004,20004,60012,0,175017,100020,QLR2-AN-60012-20004,QP,
A5NSDSDM,2004,6012,0,2004,2004,6012,0,17116,10020,QLR2-AN-6012-2004,QP,
A5NSDSIL,20004,60012,0,20004,20004,60012,0,175024,100020,QLR2-AN-60012-20004,QP,
A5NSDSSL,20004,60012,0,20004,20004,60012,0,173047,100020,QLR2-AN-60012-20004,QP,
A5NSSNSM,2004,6012,0,2004,2004,6012,0,17116,10020,QLR2-AN-6012-2004,QP,
A5NSSSSL,20004,60012,0,20004,20004,60012,0,171113,100020,QLR2-AN-60012-20004,QP,
ACOPP118,608,344,608,0,236,54,290,3844,1124,QOR2-AY-344-608,,
ACOPP14,68,38,68,0,28,5,33,424,127,QOR2-AY-38-68,,
ACOPP30,142,72,142,0,60,6,66,860,260,QOR2-AY-72-142,,
ACOPP300,1422,738,1422,0,600,69,669,8636,2605,QOR2-AY-738-1422,,
ACOPP57,274,128,274,0,114,7,121,1634,490,QOR2-AY-128-274,,
ACOPR118,726,344,726,0,236,54,290,4080,1124,QOR2-AN-344-726,,
ACOPR14,82,38,82,0,28,5,33,452,127,QOR2-AN-38-82,,
ACOPR30,172,72,172,0,60,6,66,920,260,QOR2-AN-72-172,,
ACOPR300,1722,738,1722,0,600,69,669,9236,2605,QOR2-AN-738-1722,,
ACOPR57,331,128,331,0,114,7,121,1748,490,QOR2-AN-128-331,,
AGG,488,163,0,488,36,0,0,2573,0,LLR2-AN-163-488,LP,
AIRCRFTA,5,8,5,0,5,0,5,38,13,NOR2-RN-8-5,,
AIRCRFTB,0,8,0,0,0,0,0,0,34,SXR2-RN-8-0,,
AIRPORT,42,84,42,0,0,84,84,168,1806,SQR2-MN-84-42,,
AKIVA,0,2,0,0,0,0,0,0,3,OUR2-AN-2-0,UC,
ALJAZZAF,1,1000,1,0,1,1000,999,2000,1000,QQR2-AN-V-V,,
ALLINIT,0,4,0,0,0,0,0,0,10,OBR2-AY-4-0,BC,
ALLINITA,4,4,2,2,2,4,3,13,10,OOR2-AY-4-4,,
ALLINITC,1,4,1,0,1,4,2,6,10,OOR2-AY-4-1,,
ALLINITU,0,4,0,0,0,0,0,0,10,OUR2-AY-4-0,UC,
ALLINQP,25000,50000,0,25000,6250,50000,0,100000,99999,QLR2-AN-V-V,QP,
ALSOTAME,1,2,1,0,1,2,2,4,3,OOR2-AN-2-1,,
ANTWERP,10,27,0,10,8,27,0,55,320,SLR2-RN-27-8-0-3-24-0-2-0-8-0-0-0,,
ARGAUSS,15,3,15,0,15,0,3,48,6,NOR2-AN-3-15,,
ARGLALE,400,200,0,400,400,0,0,80200,0,NLR2-AN-V-V,,
ARGLBLE,400,200,0,400,400,0,0,80200,0,NLR2-AN-V-V,,
ARGLCLE,399,200,0,399,399,0,0,79004,0,NLR2-AN-V-V,,
ARGLINA,0,200,0,0,0,0,0,0,20100,SUR2-AN-V-0,UC,
ARGLINB,0,200,0,0,0,0,0,0,20100,SUR2-AN-V-0,UC,
ARGLINC,0,200,0,0,0,0,0,0,19701,SUR2-AN-V-0,UC,
ARGTRIG,200,200,200,0,200,0,200,40200,200,NOR2-AN-V-V,,
ARGTRIGLS,0,200,0,0,0,0,0,0,20100,SUR2-AN-V-0,UC,
ARTIF,5000,5002,5000,0,5000,0,5000,20002,5000,NOR2-AN-V-V,,
ARWHDNE,998,500,499,499,998,0,500,1997,500,NOR2-AN-V-V,,
ARWHEAD,0,5000,0,0,0,0,0,0,9999,OUR2-AN-V-0,UC,
AUG2D,10000,20200,0,10000,10000,19800,0,60200,19800,QLR2-AN-V-V,QP,
AUG2DC,10000,20200,0,10000,10000,20200,0,60200,20200,QLR2-AN-V-V,QP,
AUG2DCQP,10000,20200,0,10000,10000,20200,0,60200,20200,QLR2-AN-V-V,QP,
AUG2DQP,10000,20200,0,10000,10000,19800,0,60200,19800,QLR2-AN-V-V,QP,
AUG3D,8000,27543,0,8000,8000,22743,0,77829,22743,QLR2-AN-V-V,QP,
AUG3DC,8000,27543,0,8000,8000,27543,0,77829,27543,QLR2-AN-V-V,QP,
AUG3DCQP,8000,27543,0,8000,8000,27543,0,77829,27543,QLR2-AN-V-V,QP,
AUG3DQP,8000,27543,0,8000,8000,22743,0,77829,22743,QLR2-AN-V-V,QP,
AVGASA,10,8,0,10,0,8,0,38,15,QLR2-AN-8-10,QP,
AVGASB,10,8,0,10,0,8,0,38,15,QLR2-AN-8-10,QP,
AVION2,15,49,0,15,15,37,0,92,123,OLR2-RN-49-15,,
BA-L1,12,57,12,0,12,0,57,201,438,NOR2-MN-57-12,,
BA-L16,167436,66462,167436,0,167436,0,66462,2075694,2393742,NOR2-MN-66462-83718,,
BA-L16LS,0,66462,0,0,0,0,0,0,2393742,SUR2-MN-66462-0,UC,
BA-L1LS,0,57,0,0,0,0,0,0,438,SUR2-MN-57-0,UC,
BA-L1SP,12,57,12,0,12,0,57,741,1653,NOR2-MN-57-12,,
BA-L1SPLS,0,57,0,0,0,0,0,0,1653,SUR2-MN-57-0,UC,
BA-L21,72910,34134,72910,0,72910,0,34134,909054,1053120,NOR2-MN-34134-36455,,
BA-L21LS,0,34134,0,0,0,0,0,0,1053120,SUR2-MN-34134-0,UC,
BA-L49,63686,23769,63686,0,63686,0,23769,788001,908622,NOR2-MN-23769-31843,,
BA-L49LS,0,23769,0,0,0,0,0,0,908622,SUR2-MN-23769-0,UC,
BA-L52,694346,192627,694346,0,694346,0,192627,8524779,9760329,NOR2-MN-192627-347173,,
BA-L52LS,0,192627,0,0,0,0,0,0,9760329,SUR2-MN-192627-0,UC,
BA-L73,92244,33753,92244,0,92244,0,33753,1140681,1314771,NOR2-MN-33753-46122,,
BA-L73LS,0,33753,0,0,0,0,0,0,1314771,SUR2-MN-33753-0,UC,
BARD,0,3,0,0,0,0,0,0,6,SUR2-AN-3-0,UC,
BARDNE,15,3,15,0,15,0,2,48,3,NOR2-AN-3-15,,
BATCH,73,48,1,72,12,22,10,226,33,OOR2-AN-46-73,,
BDEXP,0,5000,0,0,0,0,0,0,14997,OBR2-AY-V-0,BC,
BDQRTIC,0,5000,0,0,0,0,0,0,24990,SUR2-AN-V-0,UC,
BDQRTICNE,9992,5000,4996,4996,9992,0,5000,34976,5000,NOR2-AN-V-V,,
BDRY2,250498,251001,0,250498,250498,63500,0,1499000,63500,QLR2-AN-V-V,QP,
BDVALUE,5000,5002,5000,0,5000,0,5000,20002,5000,NOR2-MN-V-V,,
BDVALUES,10000,10002,10000,0,10000,0,10000,40002,10000,NOR2-MN-V-V,,
BEALE,0,2,0,0,0,0,0,0,3,SUR2-AN-2-0,UC,
BEALENE,3,2,3,0,3,0,2,8,3,NOR2-AN-2-3,,
BENNETT5,154,3,154,0,154,0,3,465,6,NOR2-MN-3-154,,
BENNETT5LS,0,3,0,0,0,0,0,0,6,SUR2-MN-3-0,UC,
BIGBANK,1112,2230,0,1112,1112,1366,0,6690,1366,ONI2-RN-2230-1112,,
BIGGS3,0,6,0,0,0,0,0,0,21,SXR2-AN-6-0,,
BIGGS5,0,6,0,0,0,0,0,0,21,SXR2-AN-6-0,,
BIGGS6,0,6,0,0,0,0,0,0,21,SUR2-AN-6-0,UC,
BIGGS6NE,13,6,13,0,13,0,6,84,9,NOR2-AN-6-13,,
BIGGSB1,0,5000,0,0,0,0,0,0,9999,QBR2-AN-V-V,BCQP,
BIGGSC4,7,4,0,7,0,4,0,20,6,QLR2-AN-4-7,QP,
BLEACHNG,0,17,0,0,0,0,0,0,57,SBR1-RN-17-0,BC,
BLOCKQP1,5001,10010,0,5001,5000,10010,0,80020,15010,QLR2-AN-V-V,QP,
BLOCKQP2,5001,10010,0,5001,5000,10010,0,80020,15010,QLR2-AN-V-V,QP,
BLOCKQP3,5001,10010,0,5001,5000,10010,0,80020,15010,QLR2-AN-V-V,QP,
BLOCKQP4,5001,10010,0,5001,5000,10010,0,80020,15010,QLR2-AN-V-V,QP,
BLOCKQP5,5001,10010,0,5001,5000,10010,0,80020,15010,QLR2-AN-V-V,QP,
BLOWEYA,2002,4002,0,2002,2002,4002,0,14005,8003,QLR2-MN-V-V,QP,
BLOWEYB,2002,4002,0,2002,2002,4002,0,14005,8003,QLR2-MN-V-V,QP,
BLOWEYC,2002,4002,0,2002,2002,4002,0,14005,8003,QLR2-MN-V-V,QP,
BOOTH,2,2,0,2,2,0,0,6,0,NLR2-AN-2-2,,
BOX,0,10000,0,0,0,0,0,0,39994,OUR2-AN-V-0,UC,
BOX2,0,3,0,0,0,0,0,0,6,SXR2-AN-3-0,,
BOX3,0,3,0,0,0,0,0,0,6,SUR2-AN-3-0,UC,
BOX3NE,10,3,10,0,10,0,2,33,2,NOR2-AN-3-10,,
BOXBOD,6,2,6,0,6,0,2,14,3,NOR2-MN-2-6,,
BOXBODLS,0,2,0,0,0,0,0,0,3,SUR2-MN-2-0,UC,
BOXPOWER,0,20000,0,0,0,0,0,0,59997,OUR2-AN-V-0,UC,
BQP1VAR,0,1,0,0,0,0,0,0,1,QBR2-AN-1-0,BCQP,
BQPGABIM,0,50,0,0,0,0,0,0,172,QBR2-AN-50-0,BCQP,
BQPGASIM,0,50,0,0,0,0,0,0,172,QBR2-AN-50-0,BCQP,
BQPGAUSS,0,2003,0,0,0,0,0,0,9298,QBR2-AN-2003-0,BCQP,
BRAINPC0,6900,6907,6900,0,6900,53,6906,48306,17335,SOR2-MY-6907-6900,,
BRAINPC1,6900,6907,6900,0,6900,53,6906,48306,17335,SOR2-MY-6907-6900,,
BRAINPC2,13800,13807,13800,0,13800,53,13806,96606,34585,SOR2-MY-13807-13800,,
BRAINPC3,6900,6907,6900,0,6900,53,6906,48306,17335,SOR2-MY-6907-6900,,
BRAINPC4,6900,6907,6900,0,6900,53,6906,48306,17335,SOR2-MY-6907-6900,,
BRAINPC5,6900,6907,6900,0,6900,53,6906,48306,17335,SOR2-MY-6907-6900,,
BRAINPC6,6900,6907,6900,0,6900,53,6906,48306,17335,SOR2-MY-6907-6900,,
BRAINPC7,6900,6907,6900,0,6900,53,6906,48306,17335,SOR2-MY-6907-6900,,
BRAINPC8,6900,6907,6900,0,6900,53,6906,48306,17335,SOR2-MY-6907-6900,,
BRAINPC9,6900,6907,6900,0,6900,53,6906,48306,17335,SOR2-MY-6907-6900,,
BRANIN,0,2,0,0,0,0,0,0,3,,,
BRATU1D,0,5003,0,0,0,0,0,0,10005,OXR2-MN-V-0,,
BRATU2D,4900,5184,4900,0,4900,0,4900,29684,4900,NOR2-MN-V-V,,
BRATU2DT,4900,5184,4900,0,4900,0,4900,29684,4900,NOR2-MN-V-V,,
BRATU3D,3375,4913,3375,0,3375,0,3375,28538,3375,NOR2-MN-V-V,,
BRIDGEND,2727,2734,1423,1304,2727,0,2727,9856,2727,LOI2-RN-2734-2727,,
BRITGAS,360,450,360,0,360,48,407,2026,911,OOI2-RN-450-360,,
BRKMCC,0,2,0,0,0,0,0,0,3,OUR2-AN-2-0,UC,
BROWNAL,0,200,0,0,0,0,0,0,20100,SUR2-AN-V-0,UC,
BROWNALE,200,200,1,199,200,0,10,40010,55,NOR2-AN-V-0,,
BROWNBS,0,2,0,0,0,0,0,0,3,SUR2-AN-2-0,UC,
BROWNBSNE,3,2,1,2,3,0,2,6,3,NOR2-AN-2-3,,
BROWNDEN,0,4,0,0,0,0,0,0,10,SUR2-AN-4-0,UC,
BROWNDENE,20,4,20,0,20,0,4,84,6,NOR2-AN-4-20,,
BROYDN3D,5000,5000,5000,0,5000,0,5000,19998,5000,NQR2-AN-V-V,,
BROYDN3DLS,0,5000,0,0,0,0,0,0,14997,SUR2-AN-V-0,UC,
BROYDN7D,0,5000,0,0,0,0,0,0,17497,OUR2-AN-V-0,UC,
BROYDNBD,5000,5000,5000,0,5000,0,5000,39984,5000,NOR2-AN-V-V,,
BROYDNBDLS,0,5000,0,0,0,0,0,0,34979,SUR2-AN-V-0,UC,
BRYBND,0,5000,0,0,0,0,0,0,34979,SUR2-AN-V-0,UC,
BRYBNDNE,5000,5000,5000,0,5000,0,5000,39984,5000,NOR2-AN-V-V,,
BT1,1,2,1,0,1,2,2,4,2,QQR2-AN-2-1,,
BT10,2,2,2,0,2,0,1,6,1,LOR2-AN-2-2,,
BT11,3,5,2,1,3,5,2,13,9,OOR2-AY-5-3,,
BT12,3,5,3,0,3,2,5,13,5,QQR2-AN-5-3,,
BT13,1,5,1,0,1,0,5,10,8,LQR2-AY-5-1,,
BT2,1,3,1,0,1,3,3,6,5,QQR2-AY-3-1,,
BT3,3,5,0,3,3,5,0,12,7,SLR2-AY-5-3,,
BT4,2,3,1,1,2,1,3,9,3,QQR2-AN-3-2,,
BT5,2,3,1,1,2,3,3,9,5,QQR2-AN-3-2,,
BT6,2,5,2,0,2,5,5,10,9,OOR2-AY-5-2,,
BT7,3,5,3,0,3,2,5,13,6,OQR2-AN-5-3,,
BT8,2,5,2,0,2,3,5,11,5,QQR2-AN-5-2,,
BT9,2,4,2,0,2,0,3,10,3,LOR2-AN-4-2,,
BTS4,36310,36570,0,36310,36310,36570,0,173482,36570,QLR2-RN-36570-36310,QP,
BURKEHAN,1,1,1,0,0,0,1,2,1,QOR2-AN-1-1,,
BYRDSPHR,2,3,2,0,2,0,3,9,3,LQR2-AN-3-2,,
C-RELOAD,284,342,258,26,200,0,342,4248,4080,LOR2-MN-342-284,,
CAMEL6,0,2,0,0,0,0,0,0,3,OBR2-AN-2-0,BC,
CAMSHAPE,1603,800,801,802,0,0,800,4800,2397,LOR2-AN-V-V,,
CANTILVR,1,5,1,0,0,0,5,10,5,LOR2-MN-5-1,,
CAR2,4996,5999,4996,0,3996,0,5999,51955,50964,LOR1-RN-V-V,,
CATENA,1000,3003,1000,0,1000,0,3003,9003,6003,LQR2-AY-V-V,,
CATENARY,1000,3003,1000,0,1000,0,3002,8003,6002,LQR2-AY-V-V,,
CATMIX,1600,2403,1600,0,1600,801,2403,13601,5606,OOR2-AN-V-V,,
CB2,3,3,3,0,0,0,2,12,3,LOR2-AN-3-3,,
CB3,3,3,3,0,0,0,2,12,3,LOR2-AN-3-3,,
CBRATU2D,2888,3200,2888,0,2888,0,2888,20528,4332,NOR2-MN-V-V,,
CBRATU3D,2000,3456,2000,0,2000,0,2000,19456,3000,NOR2-MN-V-V,,
CBS,244,11163,0,244,244,11163,0,33489,11163,QLR2-RN-11163-244,QP,
CERI651A,61,7,61,0,61,0,5,434,15,NOR2-MN-7-61,,
CERI651ALS,0,7,0,0,0,0,0,0,28,SUR2-MN-7-0,UC,
CERI651B,66,7,66,0,66,0,5,469,15,NOR2-MN-7-66,,
CERI651BLS,0,7,0,0,0,0,0,0,28,SUR2-MN-7-0,UC,
CERI651C,56,7,56,0,56,0,5,399,15,NOR2-MN-7-56,,
CERI651CLS,0,7,0,0,0,0,0,0,28,SUR2-MN-7-0,UC,
CERI651D,67,7,67,0,67,0,5,476,15,NOR2-MN-7-67,,
CERI651DLS,0,7,0,0,0,0,0,0,28,SUR2-MN-7-0,UC,
CERI651E,64,7,64,0,64,0,5,455,15,NOR2-MN-7-64,,
CERI651ELS,0,7,0,0,0,0,0,0,28,SUR2-MN-7-0,UC,
CHACONN1,3,3,3,0,0,0,2,12,3,LOR2-AY-3-3,,
CHACONN2,3,3,3,0,0,0,2,12,3,LOR2-AY-3-3,,
CHAIN,401,802,1,400,401,802,401,2803,1203,OOR2-AN-V-V,,
CHAINWOO,0,4000,0,0,0,0,0,0,7999,SUR2-AN-V-0,UC,
CHAINWOONE,11994,4000,3998,7996,11994,0,2000,23990,2000,NOR2-AN-V-V,,
CHANDHEQ,100,100,100,0,100,0,100,10100,5050,NOR2-RN-V-V,,
CHANDHEU,500,500,500,0,500,0,500,250500,125250,NOR2-RN-V-V,,
CHANNEL,9598,9600,1600,7998,9598,0,6400,80789,9600,NOR2-AN-V-V,,
CHARDIS0,0,2000,0,0,0,0,0,0,1001000,OBR2-AY-V-V,BC,
CHARDIS1,999,2000,999,0,0,2000,1998,3998,1001000,OQR2-AY-V-V,,
CHEBYQAD,0,100,0,0,0,0,0,0,5050,SBR2-AN-V-0,BC,
CHEBYQADNE,100,100,100,0,100,0,100,10100,100,NBR2-AN-V-0,BC,
CHEMRCTA,5000,5000,4996,4,5000,0,4996,24992,7494,NOR2-MN-V-V,,
CHEMRCTB,5000,5000,4998,2,5000,0,4998,19998,4998,NOR2-MN-V-V,,
CHENHARK,0,5000,0,0,0,0,0,0,14997,QBR2-AN-V-V,BCQP,
CHNROSNB,0,50,0,0,0,0,0,0,99,SUR2-AN-V-0,UC,
CHNRSBNE,98,50,49,49,98,0,49,197,49,NOR2-AN-V-V,,
CHNRSNBM,0,50,0,0,0,0,0,0,99,SUR2-AN-V-0,UC,
CHNRSNBMNE,98,50,49,49,98,0,49,197,49,NOR2-AN-V-V,,
CHWIRUT1,214,3,214,0,214,0,3,645,6,NOR2-MN-3-214,,
CHWIRUT1LS,0,3,0,0,0,0,0,0,6,SUR2-MN-3-0,UC,
CHWIRUT2,54,3,54,0,54,0,3,165,6,NOR2-MN-3-54,,
CHWIRUT2LS,0,3,0,0,0,0,0,0,6,SUR2-MN-3-0,UC,
CLEUVEN2,2329,1530,0,2329,1065,298,0,18068,327,QLR2-RN-1530-2329,QP,
CLEUVEN3,2973,1200,0,2973,29,678,0,200800,71583,QLR2-RN-1200-2973,QP,
CLEUVEN4,2973,1200,0,2973,29,678,0,200800,71583,QLR2-RN-1200-2973,QP,
CLEUVEN5,2973,1200,0,2973,29,678,0,200800,71583,QLR2-RN-1200-2973,QP,
CLEUVEN6,3091,1200,0,3091,29,678,0,217808,71583,QLR2-RN-1200-3091,QP,
CLEUVEN7,946,360,0,946,0,169,0,36308,6055,QLR2-RN-300-946,QP,
CLIFF,0,2,0,0,0,0,0,0,3,OUR2-AN-2-0,UC,
CLNLBEAM,4000,6003,2000,2000,4000,4002,2001,22003,4002,OOR2-MN-V-V,,
CLPLATEA,0,5041,0,0,0,0,0,0,14840,OXR2-MN-V-0,,
CLPLATEB,0,5041,0,0,0,0,0,0,14840,OXR2-MN-V-0,,
CLPLATEC,0,5041,0,0,0,0,0,0,14840,OXR2-MN-V-0,,
CLUSTER,2,2,2,0,2,0,2,6,3,NOR2-AN-2-2,,
CLUSTERLS,0,2,0,0,0,0,0,0,3,SUR2-AN-2-0,UC,
CMPC1,3833,2550,0,3833,1785,498,0,30212,547,QLR2-RN-2549-3832,QP,
CMPC10,2351,1530,0,2351,1065,328,0,18068,357,QLR2-RN-1530-2351,QP,
CMPC11,2351,1530,0,2351,1065,328,0,18068,357,QLR2-RN-1530-2351,QP,
CMPC12,2351,1530,0,2351,1065,328,0,18068,357,QLR2-RN-1529-2350,QP,
CMPC13,2351,1530,0,2351,1065,328,0,18068,357,QLR2-RN-1529-2350,QP,
CMPC14,2351,1530,0,2351,1065,328,0,18068,357,QLR2-RN-1530-2351,QP,
CMPC15,2351,1530,0,2351,1065,328,0,18068,357,QLR2-RN-1529-2350,QP,
CMPC16,2351,1530,0,2351,1065,328,0,18068,357,QLR2-RN-1529-2350,QP,
CMPC2,2351,1530,0,2351,1065,328,0,18068,357,QLR2-RN-1529-2350,QP,
CMPC3,2351,1530,0,2351,1065,328,0,18068,357,QLR2-RN-1529-2350,QP,
CMPC4,2351,1530,0,2351,1065,328,0,18068,357,QLR2-RN-1530-2351,QP,
CMPC5,2351,1530,0,2351,1065,328,0,18068,357,QLR2-RN-1529-2350,QP,
CMPC6,2351,1530,0,2351,1065,328,0,18068,357,QLR2-RN-1529-2350,QP,
CMPC7,2351,1530,0,2351,1065,328,0,18068,357,QLR2-RN-1530-2351,QP,
CMPC8,2351,1530,0,2351,1065,328,0,18068,357,QLR2-RN-1529-2350,QP,
CMPC9,2351,1530,0,2351,1065,328,0,18068,357,QLR2-RN-1529-2350,QP,
COATING,0,134,0,0,0,0,0,0,1217,SUR2-MN-134-0,UC,
COATINGNE,252,134,126,126,252,0,132,1016,699,SUR2-MN-134-252,UC,
CONCON,11,15,4,7,11,0,11,41,11,LOI2-MN-15-11,,
CONGIGMZ,5,3,2,3,0,0,2,16,2,LQR2-AN-3-5,,
CONT5-QP,40200,40601,0,40200,40200,401,0,280801,401,QLR2-MN-V-V,QP,
CONT6-QQ,10197,20002,9801,396,10197,19602,19602,79698,29403,QQR2-AN-V-V,,
COOLHANS,9,9,9,0,9,0,9,90,30,NQR2-RN-9-9,,
COOLHANSLS,0,9,0,0,0,0,0,0,45,SUR2-RN-9-0,UC,
CORE1,59,65,24,35,41,0,24,221,24,LQI2-RN-65-59,,
CORE2,134,157,60,74,108,0,60,550,60,LQI2-RN-157-134,,
CORKSCRW,3500,4506,500,3000,3000,500,1500,15006,2500,SOR2-AN-V-V,,
COSHFUN,2000,6001,2000,0,0,0,6000,17999,8000,LOR2-AN-V-V,,
COSINE,0,10000,0,0,0,0,0,0,19999,OUR2-AN-V-0,UC,
CRAGGLVY,0,5000,0,0,0,0,0,0,9999,OUR2-AY-V-0,UC,
CRESC100,200,6,200,0,0,3,6,1106,17,OOR2-MY-6-200,,
CRESC132,2654,6,2654,0,0,3,6,14603,17,OOR2-MY-6-2654,,
CRESC4,8,6,8,0,0,3,6,50,17,OOR2-MY-6-8,,
CRESC50,100,6,100,0,0,3,6,556,17,OOR2-MY-6-100,,
CSFI1,4,5,4,0,2,0,4,16,8,LOR2-RN-5-4,,
CSFI2,4,5,4,0,2,0,4,16,8,LOR2-RN-5-4,,
CUBE,0,2,0,0,0,0,0,0,3,SUR2-AN-2-0,UC,
CUBENE,2,2,1,1,2,0,1,5,1,NOR2-AN-2-2,,
CURLY10,0,10000,0,0,0,0,0,0,109945,OUR2-AN-V-0,UC,
CURLY20,0,10000,0,0,0,0,0,0,209790,OUR2-AN-V-0,UC,
CURLY30,0,10000,0,0,0,0,0,0,309535,OUR2-AN-V-0,UC,
CVXBQP1,0,10000,0,0,0,0,0,0,39984,QBR2-AN-V-0,BCQP,
CVXQP1,5000,10000,0,5000,5000,10000,0,24998,39984,QLR2-AN-V-V,QP,
CVXQP2,2500,10000,0,2500,2500,10000,0,17499,39984,QLR2-AN-V-V,QP,
CVXQP3,7500,10000,0,7500,7500,10000,0,32497,39984,QLR2-AN-V-V,QP,
CYCLIC3,100002,100002,100000,2,100002,0,100002,400006,200002,NOR2-AN-V-0,,
CYCLIC3LS,0,100002,0,0,0,0,0,0,300005,NOR2-AN-V-0,,
CYCLOOCF,20000,29996,20000,0,20000,0,29996,149980,89981,NQR2-MN-V-V,,
CYCLOOCFLS,0,29996,0,0,0,0,0,0,239946,SUR2-MN-V-0,UC,
CYCLOOCT,20000,30000,20000,0,20000,0,30000,150000,90000,NQR2-MN-V-V,,
CYCLOOCTLS,0,30000,0,0,0,0,0,0,240000,SBR2-MN-V-0,BC,
DALE,405,16514,0,405,405,16514,0,49542,16514,QLR2-RN-16514-405,QP,
DALLASL,667,906,0,667,667,888,0,2718,888,ONR2-MN-906-667,,
DALLASM,151,196,0,151,151,190,0,588,190,ONR2-MN-196-151,,
DALLASS,31,46,0,31,31,41,0,138,41,ONR2-MN-46-31,,
DANIWOOD,6,2,6,0,6,0,2,14,3,NOR2-MN-2-6,,
DANIWOODLS,0,2,0,0,0,0,0,0,3,SUR2-MN-2-0,UC,
DANWOOD,6,2,6,0,6,0,2,14,3,NOR2-MN-2-6,,
DANWOODLS,0,2,0,0,0,0,0,0,3,SUR2-MN-2-0,UC,
DECONVB,0,63,0,0,0,0,0,0,1111,SBR2-MN-61-0,BC,
DECONVBNE,40,63,40,0,40,0,61,943,501,NOR2-MN-61-0,,
DECONVC,1,63,1,0,1,61,11,74,1111,SQR2-MN-61-1,,
DECONVNE,40,63,40,0,40,0,61,943,501,NOR2-MN-61-0,,
DECONVU,0,63,0,0,0,0,0,0,1111,SXR2-MN-61-0,,
DEGDIAG,0,100001,0,0,0,0,0,0,100001,QBR2-AN-V-0,BCQP,
DEGENLPA,15,20,0,15,15,0,0,102,0,LLR2-AN-20-15,LP,
DEGENLPB,15,20,0,15,15,0,0,102,0,LLR2-AN-20-15,LP,
DEGENQP,125025,50,0,125025,25,50,0,247598,50,QLR2-AN-V-V,QP,
DEGENQPC,19625,50,0,19625,25,50,0,58900,50,QLR2-AN-V-V,QP,
DEGTRID,0,100001,0,0,0,0,0,0,200001,QBR2-AN-V-0,BCQP,
DEGTRID2,0,100001,0,0,0,0,0,0,200001,QBR2-AN-V-0,BCQP,
DEGTRIDL,1,100001,0,1,1,100001,0,200002,200001,QLR2-AN-V-1,QP,
DEMBO7,20,16,19,1,0,10,16,84,59,QOR2-MN-16-20,,
DEMYMALO,3,3,1,2,0,0,2,12,2,LQR2-AN-3-3,,
DENSCHNA,0,2,0,0,0,0,0,0,3,OUR2-AN-2-0,UC,
DENSCHNB,0,2,0,0,0,0,0,0,3,SUR2-AN-2-0,UC,
DENSCHNBNE,3,2,1,2,3,0,2,6,3,NOR2-AN-2-2,,
DENSCHNC,0,2,0,0,0,0,0,0,3,SUR2-AN-2-0,UC,
DENSCHNCNE,2,2,2,0,2,0,2,6,2,NOR2-AN-2-2,,
DENSCHND,0,3,0,0,0,0,0,0,6,SUR2-AN-3-0,UC,
DENSCHNDNE,3,3,3,0,3,0,3,12,6,NOR2-AN-3-3,,
DENSCHNE,0,3,0,0,0,0,0,0,3,SUR2-AN-3-0,UC,
DENSCHNENE,3,3,2,1,3,0,2,6,2,NOR2-AN-3-3,,
DENSCHNF,0,2,0,0,0,0,0,0,3,SUR2-AY-2-0,UC,
DENSCHNFNE,2,2,2,0,2,0,2,6,3,NOR2-AY-2-2,,
DEVGLA1,0,4,0,0,0,0,0,0,10,SUR2-MN-4-0,UC,
DEVGLA1B,0,4,0,0,0,0,0,0,10,,,
DEVGLA1NE,24,4,24,0,24,0,4,100,10,NOR2-MN-4-24,,
DEVGLA2,0,5,0,0,0,0,0,0,15,SUR2-MN-5-0,UC,
DEVGLA2B,0,5,0,0,0,0,0,0,15,,,
DEVGLA2NE,16,5,16,0,16,0,5,85,15,SUR2-MN-5-16,UC,
DGOSPEC,0,3,0,0,0,0,0,0,5,,,
DIAGIQB,0,1000,0,0,0,0,0,0,1000,QBR2-AN-V-0,BCQP,
DIAGIQE,0,1000,0,0,0,0,0,0,999,QBR2-AN-V-0,BCQP,
DIAGIQT,0,1000,0,0,0,0,0,0,1000,QBR2-AN-V-0,BCQP,
DIAGNQB,0,1000,0,0,0,0,0,0,1000,QBR2-AN-V-0,BCQP,
DIAGNQE,0,1000,0,0,0,0,0,0,1000,QBR2-AN-V-0,BCQP,
DIAGNQT,0,1000,0,0,0,0,0,0,1000,QBR2-AN-V-0,BCQP,
DIAGPQB,0,1000,0,0,0,0,0,0,1000,QBR2-AN-V-0,BCQP,
DIAGPQE,0,1000,0,0,0,0,0,0,1000,QBR2-AN-V-0,BCQP,
DIAGPQT,0,1000,0,0,0,0,0,0,1000,QBR2-AN-V-0,BCQP,
DIAMON2D,4643,66,4643,0,4643,0,66,306504,99,NOR2-MN-66-4643,,
DIAMON2DLS,0,66,0,0,0,0,0,0,2211,SUR2-MN-66-0,UC,
DIAMON3D,4643,99,4643,0,4643,0,99,459756,198,NOR2-MN-99-4643,,
DIAMON3DLS,0,99,0,0,0,0,0,0,4950,SUR2-MN-99-0,UC,
DIPIGRI,4,7,4,0,0,7,5,26,9,OOR2-AN-7-4,,
DISC2,23,29,23,0,17,0,28,110,91,LQR2-MY-29-23,,
DISCS,66,36,66,0,18,0,36,432,234,LQR2-MY-36-66,,
DITTERT,1034,1133,1013,21,1034,20,1132,12596,6332,OQR2-AN-V-V,,
DIXCHLNG,5,10,5,0,5,10,10,40,55,SOR2-AN-10-5,,
DIXCHLNV,500,1000,500,0,500,1000,1000,251500,2996,SOR2-AN-V-V,,
DIXMAANA,0,3000,0,0,0,0,0,0,8999,OUR2-AN-V-0,UC,
DIXMAANB,0,3000,0,0,0,0,0,0,8999,OUR2-AN-V-0,UC,
DIXMAANC,0,3000,0,0,0,0,0,0,8999,OUR2-AN-V-0,UC,
DIXMAAND,0,3000,0,0,0,0,0,0,8999,OUR2-AN-V-0,UC,
DIXMAANE,0,3000,0,0,0,0,0,0,8999,OUR2-AN-V-0,UC,
DIXMAANF,0,3000,0,0,0,0,0,0,8999,OUR2-AN-V-0,UC,
DIXMAANG,0,3000,0,0,0,0,0,0,8999,OUR2-AN-V-0,UC,
DIXMAANH,0,3000,0,0,0,0,0,0,8999,OUR2-AN-V-0,UC,
DIXMAANI,0,3000,0,0,0,0,0,0,8999,OUR2-AN-V-0,UC,
DIXMAANJ,0,3000,0,0,0,0,0,0,8999,OUR2-AN-V-0,UC,
DIXMAANK,0,3000,0,0,0,0,0,0,8999,OUR2-AN-V-0,UC,
DIXMAANL,0,3000,0,0,0,0,0,0,8999,OUR2-AN-V-0,UC,
DIXMAANM,0,3000,0,0,0,0,0,0,8999,OUR2-AN-V-0,UC,
DIXMAANN,0,3000,0,0,0,0,0,0,8999,OUR2-AN-V-0,UC,
DIXMAANO,0,3000,0,0,0,0,0,0,8999,OUR2-AN-V-0,UC,
DIXMAANP,0,3000,0,0,0,0,0,0,8999,OUR2-AN-V-0,UC,
DIXON3DQ,0,10000,0,0,0,0,0,0,19998,QUR2-AN-V-0,UC,
DJTL,0,2,0,0,0,0,0,0,3,OUR2-AN-2-0,UC,
DMN15102,4643,66,4643,0,4643,0,66,306504,99,NOR2-MN-66-4643,,
DMN15102LS,0,66,0,0,0,0,0,0,2211,NOR2-SUR2-66-0,,
DMN15103,4643,99,4643,0,4643,0,99,459756,198,NOR2-MN-99-4643,,
DMN15103LS,0,99,0,0,0,0,0,0,4950,SUR2-MN-99-0,UC,
DMN15332,4643,66,4643,0,4643,0,66,306504,99,NOR2-MN-66-4643,,
DMN15332LS,0,66,0,0,0,0,0,0,2211,SUR2-MN-66-0,UC,
DMN15333,4643,99,4643,0,4643,0,99,459756,198,NOR2-MN-99-4643,,
DMN15333LS,0,99,0,0,0,0,0,0,4950,SUR2-MN-99-0,UC,
DMN37142,4643,66,4643,0,4643,0,66,306504,99,NOR2-MN-66-4643,,
DMN37142LS,0,66,0,0,0,0,0,0,2211,SUR2-MN-66-0,UC,
DMN37143,4643,99,4643,0,4643,0,99,459756,198,NOR2-MN-99-4643,,
DMN37143LS,0,99,0,0,0,0,0,0,4950,SUR2-MN-99-0,UC,
DNIEPER,24,61,24,0,24,25,53,189,79,QOR2-MN-61-24,,
DQDRTIC,0,5000,0,0,0,0,0,0,5000,QUR2-AN-V-0,UC,
DQRTIC,0,5000,0,0,0,0,0,0,5000,OUR2-AN-V-0,UC,
DRCAV1LQ,0,4489,0,0,0,0,0,0,87635,OXR2-MY-V-V,,
DRCAV2LQ,0,4489,0,0,0,0,0,0,87635,OXR2-MY-V-V,,
DRCAV3LQ,0,4489,0,0,0,0,0,0,87635,OXR2-MY-V-V,,
DRCAVTY1,3969,4489,3969,0,3969,0,4477,56086,86879,NQR2-MY-V-V,,
DRCAVTY2,3969,4489,3969,0,3969,0,4477,56086,86879,NQR2-MY-V-V,,
DRCAVTY3,3969,4489,3969,0,3969,0,4477,56086,86879,NQR2-MY-V-V,,
DRUGDIS,4000,6004,4000,0,4000,0,6004,38002,18010,LOR2-MN-V-V,,
DRUGDISE,500,603,500,0,500,0,601,3103,2401,LOR2-MY-V-V,,
DTOC1L,3996,5998,0,3996,3996,5998,0,25978,5998,OLR2-AN-V-V,,
DTOC1NA,3996,5998,3996,0,3996,5998,5994,33970,13990,OQR2-AN-V-V,,
DTOC1NB,3996,5998,3996,0,3996,5998,5994,33970,13990,OQR2-AN-V-V,,
DTOC1NC,3996,5998,3996,0,3996,5998,5994,33970,13990,OQR2-AN-V-V,,
DTOC1ND,3996,5998,3996,0,3996,5998,5994,33970,13990,OQR2-AN-V-V,,
DTOC2,3996,5998,3996,0,3996,5998,5994,21982,20983,OOR2-AN-V-V,,
DTOC3,2998,4499,0,2998,2998,4497,0,14992,4497,QLR2-AN-V-V,QP,
DTOC4,2998,4499,1499,1499,2998,4499,2998,14992,5998,QOR2-AN-V-V,,
DTOC5,4999,9999,4999,0,4999,9998,4999,24996,9998,QQR2-AN-V-V,,
DTOC6,5000,10001,5000,0,5000,10000,5000,25001,15000,OOR2-AN-V-V,,
DUAL1,1,85,0,1,1,85,0,170,3558,QLR2-MN-85-1,QP,
DUAL2,1,96,0,1,1,96,0,192,4508,QLR2-MN-96-1,QP,
DUAL3,1,111,0,1,1,111,0,222,6108,QLR2-MN-111-1,QP,
DUAL4,1,75,0,1,1,75,0,150,2799,QLR2-MN-75-1,QP,
DUALC1,215,9,0,215,1,9,0,1944,45,QLR2-MN-9-215,QP,
DUALC2,229,7,0,229,1,7,0,1610,28,QLR2-MN-7-229,QP,
DUALC5,278,8,0,278,1,8,0,2232,36,QLR2-MN-8-278,QP,
DUALC8,503,8,0,503,1,8,0,4032,36,QLR2-MN-8-503,QP,
ECKERLE4,35,3,35,0,35,0,3,108,6,NOR2-MN-3-35,,
ECKERLE4LS,0,3,0,0,0,0,0,0,6,SUR2-MN-3-0,UC,
EDENSCH,0,2000,0,0,0,0,0,0,3999,OUR2-AN-V-0,UC,
EG1,0,3,0,0,0,0,0,0,6,OBR2-AY-3-0,BC,
EG2,0,1000,0,0,0,0,0,0,1998,OUR2-AN-1000-0,UC,
EG3,20000,10001,20000,0,1,4,10001,69996,30001,OOR2-AY-V-V,,
EGGCRATE,0,2,0,0,0,0,0,0,2,SUR2-MN-4-0,UC,
EGGCRATEB,0,2,0,0,0,0,0,0,2,,,
EGGCRATENE,4,2,2,2,4,0,2,6,2,NOR2-MN-4-2,,
EIGENA,2550,2550,2550,0,2550,0,2550,316300,66300,NBR2-AN-V-V,BC,
EIGENA2,1275,2550,1275,0,1275,2550,2500,127550,66300,QQR2-AN-V-V,,
EIGENACO,1275,2550,1275,0,1275,2550,2500,127550,3252525,SQR2-AN-V-V,,
EIGENALS,0,2550,0,0,0,0,0,0,3252525,SUR2-AN-V-0,UC,
EIGENAU,2550,2550,2550,0,2550,0,2550,316300,66300,NOR2-AN-V-V,,
EIGENB,2550,2550,2550,0,2550,0,2550,316300,66300,NOR2-AN-V-V,,
EIGENB2,1275,2550,1275,0,1275,2550,2500,127550,66300,QQR2-AN-V-V,,
EIGENBCO,1275,2550,1275,0,1275,2550,2500,127550,3252525,SQR2-AN-V-V,,
EIGENBLS,0,2550,0,0,0,0,0,0,3252525,SUR2-AN-V-0,UC,
EIGENC,2652,2652,2652,0,2652,0,2652,335580,70278,NOR2-AN-V-V,,
EIGENC2,1326,2652,1326,0,1326,2652,2601,135303,70278,QQR2-AN-V-V,,
EIGENCCO,1326,2652,1326,0,1326,2652,2601,135303,3517878,SQR2-AN-V-V,,
EIGENCLS,0,2652,0,0,0,0,0,0,3517878,SUR2-AN-V-0,UC,
EIGMAXA,101,101,101,0,101,0,101,401,201,LQR2-AN-V-V,,
EIGMAXB,101,101,101,0,101,0,101,599,201,LQR2-AN-V-V,,
EIGMAXC,202,202,202,0,202,0,202,1205,403,LQR2-AN-V-V,,
EIGMINA,101,101,101,0,101,0,101,401,201,LQR2-AN-V-V,,
EIGMINB,101,101,101,0,101,0,101,599,201,LQR2-AN-V-V,,
EIGMINC,202,202,202,0,202,0,202,1205,403,LQR2-AN-V-V,,
ELATTAR,102,7,102,0,0,0,6,721,13,LOR2-AN-7-102,,
ELATVIDU,0,2,0,0,0,0,0,0,3,SUR2-MN-2-0,UC,
ELATVIDUB,0,2,0,0,0,0,0,0,3,,,
ELATVIDUNE,3,2,3,0,3,0,2,8,2,NOR2-MN-2-3,,
ELEC,200,600,200,0,200,600,600,1200,180300,OOR2-AN-V-V,,
ENGVAL1,0,5000,0,0,0,0,0,0,9999,OUR2-AN-V-0,UC,
ENGVAL2,0,3,0,0,0,0,0,0,6,SUR2-AN-3-0,UC,
ENGVAL2NE,5,3,3,2,5,0,3,18,4,NOR2-AN-3-3,,
ENSO,168,9,168,0,168,0,6,1521,10,NOR2-MN-9-168,,
ENSOLS,0,9,0,0,0,0,0,0,45,SUR2-MN-9-0,UC,
EQC,3,9,0,3,0,9,0,16,45,OLR2-MY-9-3,,
ERRINBAR,9,18,8,1,8,0,18,82,56,LOR2-MY-18-9,,
ERRINROS,0,50,0,0,0,0,0,0,99,SUR2-AN-V-0,UC,
ERRINROSNE,98,50,49,49,98,0,49,197,49,NOR2-AN-V-V,,
ERRINRSM,0,50,0,0,0,0,0,0,99,SUR2-AN-V-0,UC,
ERRINRSMNE,98,50,49,49,98,0,49,197,49,NOR2-AN-V-V,,
EXP2,0,2,0,0,0,0,0,0,3,SUR2-MN-2-0,UC,
EXP2B,0,2,0,0,0,0,0,0,3,,,
EXP2NE,10,2,10,0,10,0,2,22,2,NOR2-MN-2-10,,
EXPFIT,0,2,0,0,0,0,0,0,3,SUR2-AN-2-0,UC,
EXPFITA,22,5,0,22,0,5,0,76,15,OLR2-AN-5-22,,
EXPFITB,102,5,0,102,0,5,0,356,15,OLR2-AN-5-102,,
EXPFITC,502,5,0,502,0,5,0,1756,15,OLR2-AN-5-502,,
EXPFITNE,10,2,10,0,10,0,2,22,3,NOR2-AN-2-2,,
EXPLIN,0,1200,0,0,0,0,0,0,201,OBR2-AN-V-V,BC,
EXPLIN2,0,1200,0,0,0,0,0,0,201,OBR2-AN-V-V,BC,
EXPQUAD,0,1200,0,0,0,0,0,0,2399,OBR2-AN-V-V,BC,
EXTRASIM,1,2,0,1,1,0,0,4,0,LLR2-AN-2-1,LP,
EXTROSNB,0,1000,0,0,0,0,0,0,1999,SUR2-AN-V-0,UC,
EXTROSNBNE,999,1000,999,0,999,0,999,2998,999,NOR2-AN-V-V,,
FBRAIN,2211,2,2211,0,2211,0,2,4424,3,NOR2-AN-2-2211,,
FBRAIN2,2211,4,2211,0,2211,0,4,8848,6,NOR2-AN-4-2211,,
FBRAIN2LS,0,4,0,0,0,0,0,0,10,SBR2-AN-4-0,BC,
FBRAIN2NE,2211,4,2211,0,2211,0,4,8848,6,NOR2-AN-4-2211,,
FBRAIN3,2211,6,2211,0,2211,0,6,13272,9,NOR2-AN-6-2211,,
FBRAIN3LS,0,6,0,0,0,0,0,0,21,SUR2-AN-6-0,UC,
FBRAINLS,0,2,0,0,0,0,0,0,3,SBR2-AN-2-0,BC,
FBRAINNE,2211,2,2211,0,2211,0,2,4424,3,NOR2-AN-2-2211,,
FCCU,8,19,0,8,8,19,0,47,19,SLR2-MN-19-8,,
FEEDLOC,259,90,89,170,19,0,64,1287,223,LOR2-AN-90-259,,
FERRISDC,210,2200,0,210,210,2200,0,8400,221100,QLR2-AN-V-V,QP,
FIVE20B,52983,34552,0,52983,52983,34552,0,242887,34552,QLR2-RN-34552-52983,QP,
FIVE20C,58825,34501,0,58825,58825,34501,0,265846,34501,QLR2-RN-34501-58825,QP,
FLETBV3M,0,5000,0,0,0,0,0,0,9999,OUR2-AN-V-0,UC,
FLETCBV2,0,5000,0,0,0,0,0,0,9999,OUR2-AN-V-0,UC,
FLETCBV3,0,5000,0,0,0,0,0,0,9999,OUR2-AN-V-0,UC,
FLETCHBV,0,5000,0,0,0,0,0,0,9999,OUR2-AN-V-0,UC,
FLETCHCR,0,1000,0,0,0,0,0,0,1999,OUR2-AN-V-0,UC,
FLETCHER,4,4,1,3,1,2,4,14,10,QOR2-AN-4-4,,
FLOSP2HH,2763,2883,841,1922,2763,0,1914,23553,8870,NQR2-MY-V-V,,
FLOSP2HL,2763,2883,841,1922,2763,0,1914,23553,8870,NQR2-MY-V-V,,
FLOSP2HM,2763,2883,841,1922,2763,0,1914,23553,8870,NQR2-MY-V-V,,
FLOSP2TH,2763,2883,841,1922,2763,0,1914,23493,8870,NQR2-MY-V-V,,
FLOSP2TL,2763,2883,841,1922,2763,0,1914,23493,8870,NQR2-MY-V-V,,
FLOSP2TM,2763,2883,841,1922,2763,0,1914,23493,8870,NQR2-MY-V-V,,
FLT,2,2,2,0,2,2,1,4,2,QOR2-AN-2-2,,
FMINSRF2,0,5625,0,0,0,0,0,0,27677,OUR2-MY-V-0,UC,
FMINSURF,0,5625,0,0,0,0,0,0,15823125,OUR2-MY-V-0,UC,
FREURONE,2,2,2,0,2,0,1,6,1,NOR2-AN-V-V,,
FREUROTH,0,5000,0,0,0,0,0,0,9999,SUR2-AN-V-0,UC,
GASOIL,10398,10403,3200,7198,10398,202,3405,64791,8606,OOR2-AN-V-V,,
GAUSS1,250,8,250,0,250,0,8,2008,15,NOR2-MN-8-250,,
GAUSS1LS,0,8,0,0,0,0,0,0,36,SUR2-MN-8-0,UC,
GAUSS2,250,8,250,0,250,0,8,2008,15,NOR2-MN-8-250,,
GAUSS2LS,0,8,0,0,0,0,0,0,36,SUR2-MN-8-0,UC,
GAUSS3,250,8,250,0,250,0,8,2008,15,NOR2-MN-8-250,,
GAUSS3LS,0,8,0,0,0,0,0,0,36,SUR2-MN-8-0,UC,
GAUSSELM,61542,22140,20540,41002,20540,0,1599,206844,23699,LOR2-AN-V-V,,
GAUSSIAN,0,3,0,0,0,0,0,0,6,SUR2-AN-3-0,UC,
GBRAIN,2200,2,2200,0,2200,0,2,4402,3,NOR2-AN-2-2200,,
GBRAINLS,0,2,0,0,0,0,0,0,3,SUR2-MN-2-0,UC,
GENHS28,8,10,0,8,8,10,0,34,19,QLR2-AY-10-8,QP,
GENHUMPS,0,5000,0,0,0,0,0,0,9999,OUR2-AN-V-0,UC,
GENROSE,0,500,0,0,0,0,0,0,999,SUR2-AN-V-0,UC,
GENROSEB,0,500,0,0,0,0,0,0,999,SBR2-AN-V-0,BC,
GENROSEBNE,998,500,499,499,998,0,499,1997,499,NOR2-AN-V-0,,
GENROSENE,1999,1000,999,1000,1999,0,999,3997,999,NOR2-AN-V-V,,
GIGOMEZ1,3,3,1,2,0,0,2,12,2,LQR2-AN-3-3,,
GIGOMEZ2,3,3,3,0,0,0,2,12,3,LOR2-AY-3-3,,
GIGOMEZ3,3,3,3,0,0,0,2,12,3,LOR2-AY-3-3,,
GILBERT,1,5000,1,0,1,5000,5000,10000,5000,QQR2-AN-V-1,,
GLIDER,4808,5214,4407,401,4808,0,4412,24442,10026,OOR2-AN-V-V,,
GMNCASE1,300,175,0,300,0,175,0,24115,11803,QLR2-AN-175-300,QP,
GMNCASE2,1050,175,0,1050,0,175,0,28721,11803,QLR2-AN-175-1050,QP,
GMNCASE3,1050,175,0,1050,0,175,0,28721,11803,QLR2-AN-175-1050,QP,
GMNCASE4,350,175,0,350,0,175,0,27685,15330,QLR2-AN-175-350,QP,
GOFFIN,50,51,0,50,0,0,0,2601,0,LLR2-AN-51-50,LP,
GOTTFR,2,2,2,0,2,0,2,6,3,NQR2-AN-2-2,,
GOULDQP1,17,32,0,17,17,15,0,88,15,QLR2-AN-32-17,QP,
GOULDQP2,9999,19999,0,9999,9999,9999,0,49996,19997,QLR2-MN-V-V,QP,
GOULDQP3,9999,19999,0,9999,9999,19998,0,49996,39995,QLR2-MN-V-V,QP,
GPP,1998,1000,999,999,0,1000,1000,4996,500500,OOR2-AY-V-V,,
GRIDGENA,0,6218,0,0,0,0,0,0,57039,OBI2-MY-V-0,BC,
GRIDNETA,3844,7564,0,3844,3844,7564,0,22692,7564,QNR2-AN-V-V,,
GRIDNETB,3844,7564,0,3844,3844,7564,0,22692,7564,QNR2-AN-V-V,,
GRIDNETC,3844,7564,0,3844,3844,7564,0,22692,7564,QNR2-AN-V-V,,
GRIDNETD,3844,7564,0,3844,3844,7564,0,22692,15127,ONR2-AN-V-V,,
GRIDNETE,3844,7564,0,3844,3844,7564,0,22692,15127,ONR2-AN-V-V,,
GRIDNETF,3844,7564,0,3844,3844,7564,0,22692,15127,ONR2-AN-V-V,,
GRIDNETG,3844,7564,0,3844,3844,7564,0,22692,16838,ONR2-AY-V-V,,
GRIDNETH,3844,7564,0,3844,3844,7564,0,22692,16838,ONR2-AY-V-V,,
GRIDNETI,3844,7564,0,3844,3844,7564,0,22692,16838,ONR2-AY-V-V,,
GROUPING,125,100,100,25,125,100,100,400,1050,SQR2-MN-100-125,,
GROWTH,12,3,12,0,12,0,3,39,6,NOR2-AN-3-12,,
GROWTHLS,0,3,0,0,0,0,0,0,6,SUR2-AN-3-0,UC,
GULF,0,3,0,0,0,0,0,0,6,SUR2-MN-3-0,UC,
GULFNE,99,3,99,0,99,0,3,300,6,NOR2-MN-3-0,,
HADAMALS,0,400,0,0,0,0,0,0,80200,OBR2-RN-V-V,BC,
HADAMARD,1010,401,210,800,210,0,400,10001,4200,LQR2-RN-V-V,,
HAGER1,2500,5001,0,2500,2500,2501,0,12501,2501,SLR2-AN-V-V,,
HAGER2,2500,5001,0,2500,2500,5001,0,12501,7501,OLR2-AN-V-V,,
HAGER3,2500,5001,0,2500,2500,5001,0,12501,12501,SLR2-AY-V-V,,
HAGER4,2500,5001,0,2500,2500,5001,0,12501,7501,OLR2-AN-V-V,,
HAHN1,236,7,236,0,236,0,7,1659,28,NOR2-MN-7-37,,
HAHN1LS,0,7,0,0,0,0,0,0,28,SUR2-MN-7-0,UC,
HAIFAL,8958,343,8940,18,0,0,304,49632,27957,LQR2-AN-343-8958,,
HAIFAM,150,99,150,0,0,0,84,810,437,LQR2-AN-99-150,,
HAIFAS,9,13,9,0,0,0,6,44,11,LQR2-AN-13-9,,
HAIRY,0,2,0,0,0,0,0,0,3,OUR2-AY-2-0,UC,
HALDMADS,42,6,42,0,0,0,5,258,15,LOR2-AN-6-42,,
HANGING,2330,3600,2330,0,0,0,3600,17580,10590,LQR2-AY-V-V,,
HARKERP2,0,1000,0,0,0,0,0,0,500500,QBR2-AN-V-V,BCQP,
HART6,0,6,0,0,0,0,0,0,21,OBR2-AN-6-0,BC,
HATFLDA,0,4,0,0,0,0,0,0,7,SBR2-AN-4-0,BC,
HATFLDANE,4,4,3,1,4,0,3,11,3,NOR2-AN-4-0,,
HATFLDB,0,4,0,0,0,0,0,0,7,SBR2-AN-4-0,BC,
HATFLDBNE,4,4,3,1,4,0,3,11,3,NOR2-AN-4-0,,
HATFLDC,0,25,0,0,0,0,0,0,48,SBR2-AN-25-0,BC,
HATFLDCNE,25,25,23,2,25,0,23,73,23,NOR2-AN-25-0,,
HATFLDD,0,3,0,0,0,0,0,0,6,SUR2-AN-3-0,UC,
HATFLDDNE,10,3,10,0,10,0,3,33,4,NOR2-AN-3-10,,
HATFLDE,0,3,0,0,0,0,0,0,6,SUR2-AN-3-0,UC,
HATFLDENE,21,3,21,0,21,0,3,66,4,NOR2-AN-3-21,,
HATFLDF,3,3,3,0,3,0,2,12,3,NOR2-AN-3-3,,
HATFLDFL,0,3,0,0,0,0,0,0,6,SUR2-AN-3-0,UC,
HATFLDFLNE,3,3,3,0,3,0,2,12,3,NOR2-AN-3-3,,
HATFLDFLS,0,3,0,0,0,0,0,0,6,SUR2-AN-3-0,UC,
HATFLDG,25,25,25,0,25,0,25,120,72,NOR2-AY-25-25,,
HATFLDGLS,0,25,0,0,0,0,0,0,92,SUR2-AY-25-0,UC,
HATFLDH,7,4,0,7,0,4,0,20,6,QLR2-AN-4-7,QP,
HEART6,6,6,6,0,6,0,6,42,16,NOR2-MN-6-6,,
HEART6LS,0,6,0,0,0,0,0,0,21,SUR2-MN-6-0,UC,
HEART8,8,8,6,2,8,0,8,60,18,NOR2-MN-8-8,,
HEART8LS,0,8,0,0,0,0,0,0,36,SUR2-MN-8-0,UC,
HELIX,0,3,0,0,0,0,0,0,6,SUR2-AN-3-0,UC,
HELIXNE,3,3,2,1,3,0,2,9,3,NOR2-AN-3-3,,
HELSBY,1399,1408,741,658,1399,0,1399,5122,1399,LOR2-AN-1408-1399,,
HET-Z,1002,2,1002,0,0,0,1,2006,1,LQR2-AN-2-V,,
HIE1327D,1443,1183,0,1443,1443,1183,0,6552,1183,QLR2-RN-1183-1443,QP,
HIE1372D,525,637,0,525,525,637,0,3038,637,QLR2-RN-637-525,QP,
HIELOW,0,3,0,0,0,0,0,0,6,OUR2-MN-3-0,UC,
HIER13,3313,2020,0,3313,3313,2020,0,13949,2020,QLR2-RN-2020-3313,QP,
HIER133A,3549,2197,0,3549,3549,2197,0,13858,2197,QLR2-RN-2197-3549,QP,
HIER133D,3549,2197,0,3549,3549,2197,0,13858,2197,QLR2-RN-2197-3549,QP,
HIER133E,3549,2197,0,3549,3549,2197,0,13858,2197,QLR2-RN-2197-3549,QP,
HIER16,5484,3564,0,5484,5484,3564,0,23560,3564,QLR2-RN-3564-5484,QP,
HIER163A,5376,4096,0,5376,5376,4096,0,25600,4096,QLR2-RN-4096-5376,QP,
HIER163D,5376,4096,0,5376,5376,4096,0,25600,4096,QLR2-RN-4096-5376,QP,
HILBERTA,0,2,0,0,0,0,0,0,3,QUR2-AN-V-0,UC,
HILBERTB,0,10,0,0,0,0,0,0,55,QUR2-AN-V-0,UC,
HIMMELBA,2,2,0,2,2,0,0,4,0,NLR2-AN-2-2,,
HIMMELBB,0,2,0,0,0,0,0,0,3,OUR2-AN-2-0,UC,
HIMMELBC,2,2,2,0,2,0,2,6,2,NQR2-AN-2-2,,
HIMMELBCLS,0,2,0,0,0,0,0,0,3,OUR2-AN-2-0,UC,
HIMMELBD,2,2,2,0,2,0,2,6,2,NQR2-AN-2-2,,
HIMMELBE,3,3,1,2,3,0,2,8,3,NQR2-AY-3-3,,
HIMMELBF,0,4,0,0,0,0,0,0,10,SUR2-AN-4-0,UC,
HIMMELBFNE,7,4,7,0,7,0,4,32,10,NOR2-AN-4-7,,
HIMMELBG,0,2,0,0,0,0,0,0,3,OUR2-AN-2-0,UC,
HIMMELBH,0,2,0,0,0,0,0,0,2,OUR2-AN-2-0,UC,
HIMMELBI,12,100,0,12,0,100,0,235,300,OLR2-MN-100-12,,
HIMMELBJ,14,45,0,14,14,45,0,131,290,OLR2-MY-45-14,,
HIMMELBK,14,24,12,2,14,0,24,360,168,LOR2-MN-24-14,,
HIMMELP1,0,2,0,0,0,0,0,0,3,OBR2-AN-2-0,BC,
HIMMELP2,1,2,1,0,0,2,2,4,3,OQR2-AN-2-1,,
HIMMELP3,2,2,2,0,0,2,2,6,3,OQR2-AN-2-2,,
HIMMELP4,3,2,3,0,0,2,2,8,3,OQR2-AN-2-3,,
HIMMELP5,3,2,3,0,0,2,2,8,3,OQR2-AN-2-3,,
HIMMELP6,5,2,3,2,0,2,2,12,3,OQR2-AN-2-5,,
HOLMES,0,180,0,0,0,0,0,0,16290,OBR2-AN-180-0,BC,
HONG,1,4,0,1,1,4,0,8,4,OLR2-AN-4-1,,
HS1,0,2,0,0,0,0,0,0,3,SBR2-AN-2-0,BC,
HS10,1,2,1,0,0,0,2,4,3,LQR2-AN-2-1,,
HS100,4,7,4,0,0,7,5,26,9,OOR2-AN-7-4,,
HS100LNP,2,7,2,0,2,7,4,17,9,OOR2-AN-7-2,,
HS100MOD,4,7,4,0,0,7,5,28,9,OOR2-AN-7-4,,
HS101,5,7,5,0,0,7,7,38,28,OOR2-AN-7-5,,
HS102,5,7,5,0,0,7,7,38,28,OOR2-AN-7-5,,
HS103,5,7,5,0,0,7,7,38,28,OOR2-AN-7-5,,
HS104,5,8,5,0,0,4,8,25,16,OOR2-AN-8-5,,
HS105,1,8,0,1,0,8,0,10,36,OLR2-AY-8-1,,
HS106,6,8,3,3,0,0,8,25,13,LQR2-MN-8-6,,
HS107,6,9,6,0,6,2,7,43,17,OOR2-MY-9-6,,
HS108,13,9,13,0,0,9,9,48,25,QQR2-AY-9-13,,
HS109,10,9,8,2,6,2,9,51,19,OOR2-AY-9-10,,
HS11,1,2,1,0,0,2,1,4,2,SQR2-AN-2-1,,
HS110,0,10,0,0,0,0,0,0,55,SBR2-AN-V-0,BC,
HS111,3,10,3,0,3,10,10,24,55,OOR2-AN-10-3,,
HS111LNP,3,10,3,0,3,10,10,24,55,OOR2-AN-10-3,,
HS112,3,10,0,3,3,10,0,24,55,OLR2-MY-10-3,,
HS113,8,10,5,3,0,10,5,42,11,QQR2-AN-10-8,,
HS114,11,10,6,5,3,2,8,41,16,QOR2-MY-10-11,,
HS116,14,13,10,4,0,0,10,56,22,LQR2-MN-13-14,,
HS117,5,15,5,0,0,5,5,77,15,OQR2-AN-15-5,,
HS118,17,15,0,17,0,15,0,54,15,QLR2-AN-15-17,QP,
HS119,8,16,0,8,8,16,0,69,136,OLR2-AN-16-8,,
HS12,1,2,1,0,0,2,2,4,3,QQR2-AN-2-1,,
HS13,1,2,1,0,0,2,1,4,2,QOR2-AN-2-1,,
HS14,2,2,1,1,1,2,2,6,2,SQR2-AN-2-2,,
HS15,2,2,2,0,0,2,2,6,3,SQR2-AN-2-2,,
HS16,2,2,2,0,0,2,2,6,3,SQR2-AN-2-2,,
HS17,2,2,2,0,0,2,2,6,3,SQR2-AN-2-2,,
HS18,2,2,2,0,0,2,2,6,3,SQR2-AN-2-2,,
HS19,2,2,2,0,0,2,2,6,2,OQR2-AN-2-2,,
HS1NE,2,2,1,1,2,0,1,5,1,NOR2-AN-2-0,,
HS2,0,2,0,0,0,0,0,0,3,SBR2-AN-2-0,BC,
HS20,3,2,3,0,0,2,2,8,3,SQR2-AN-2-3,,
HS21,1,2,0,1,0,2,0,4,2,QLR2-AN-2-1,QP,
HS21MOD,1,7,0,1,0,7,0,9,7,SLR2-AN-7-1,,
HS22,2,2,1,1,0,2,1,6,2,QQR2-AN-2-2,,
HS23,5,2,4,1,0,2,2,12,2,QQR2-AN-2-5,,
HS24,3,2,0,3,0,2,0,8,3,OLR2-AN-2-3,,
HS25,0,3,0,0,0,0,0,0,6,SBR2-AN-3-0,BC,
HS25NE,99,3,99,0,99,0,3,300,6,NOR2-AN-3-0,,
HS26,1,3,1,0,1,3,3,6,5,OOR2-AY-3-1,,
HS268,5,5,0,5,0,5,0,30,15,QLR2-AN-5-5,QP,
HS27,1,3,1,0,1,3,1,5,4,SQR2-AN-3-1,,
HS28,1,3,0,1,1,3,0,6,5,SLR2-AY-3-1,,
HS29,1,3,1,0,0,3,3,6,6,OQR2-AN-3-1,,
HS2NE,2,2,1,1,2,0,1,5,1,NOR2-AN-2-0,,
HS3,0,2,0,0,0,0,0,0,3,QBR2-AN-2-0,BCQP,
HS30,1,3,1,0,0,3,2,5,3,QQR2-AN-3-1,,
HS31,1,3,1,0,0,3,2,5,4,QQR2-AN-3-1,,
HS32,2,3,1,1,1,3,1,9,6,SOR2-AY-3-2,,
HS33,2,3,2,0,0,1,3,9,3,OQR2-AN-3-2,,
HS34,2,3,2,0,0,0,2,7,2,LOR2-AN-3-2,,
HS35,1,3,0,1,0,3,0,6,5,QLR2-AN-3-1,QP,
HS35I,1,3,0,1,0,3,0,6,5,QLR2-AN-3-1,QP,
HS35MOD,1,3,0,1,0,3,0,6,5,QLR2-AN-3-1,QP,
HS36,1,3,0,1,0,3,0,6,6,OLR2-AN-3-1,,
HS37,2,3,0,2,0,3,0,9,6,OLR2-AN-3-2,,
HS38,0,4,0,0,0,0,0,0,7,OBR2-AN-4-0,BC,
HS39,2,4,2,0,2,0,3,10,3,LOR2-AN-4-2,,
HS3MOD,0,2,0,0,0,0,0,0,3,QBR2-AN-2-0,BCQP,
HS4,0,2,0,0,0,0,0,0,1,OBR2-AN-2-0,BC,
HS40,3,4,3,0,3,4,3,11,10,OOR2-AN-4-3,,
HS41,1,4,0,1,1,3,0,8,6,OLR2-AN-4-1,,
HS42,2,4,1,1,2,4,2,7,4,SQR2-AN-4-2,,
HS43,3,4,3,0,0,4,4,16,4,QQR2-AN-4-3,,
HS44,6,4,0,6,0,4,0,16,8,QLR2-AN-4-6,QP,
HS44NEW,6,4,0,6,0,4,0,16,8,QLR2-AN-4-6,QP,
HS45,0,5,0,0,0,0,0,0,15,OBR2-AN-5-0,BC,
HS46,2,5,2,0,2,5,4,11,9,OOR2-AY-5-2,,
HS47,3,5,3,0,3,5,4,13,10,OOR2-AY-5-3,,
HS48,2,5,0,2,2,5,0,13,7,SLR2-AY-5-2,,
HS49,2,5,0,2,2,5,0,11,6,OLR2-AY-5-2,,
HS5,0,2,0,0,0,0,0,0,3,OBR2-AN-2-0,BC,
HS50,3,5,0,3,3,5,0,14,9,OLR2-AY-5-3,,
HS51,3,5,0,3,3,5,0,12,7,QLR2-AY-5-3,QP,
HS52,3,5,0,3,3,5,0,12,7,QLR2-AY-5-3,QP,
HS53,3,5,0,3,3,5,0,12,7,QLR2-AY-5-3,QP,
HS54,1,6,0,1,1,6,0,8,21,OLR2-AN-6-1,,
HS55,6,6,0,6,6,2,0,21,3,OLR2-AN-6-6,,
HS56,4,7,4,0,4,3,7,17,10,OOR2-AN-7-4,,
HS57,1,2,1,0,0,2,2,4,3,SQR2-AN-2-1,,
HS59,3,2,3,0,0,2,2,8,3,OQR2-AN-2-3,,
HS6,1,2,1,0,1,1,1,4,1,QQR2-AN-2-1,,
HS60,1,3,1,0,1,3,3,6,5,OOR2-AY-3-1,,
HS61,2,3,2,0,2,3,2,7,3,QQR2-AN-3-2,,
HS62,1,3,0,1,1,3,0,6,6,OLR2-AY-3-1,,
HS63,2,3,1,1,2,3,3,9,6,QQR2-AY-3-2,,
HS64,1,3,1,0,0,3,3,6,3,OOR2-AN-3-1,,
HS65,1,3,1,0,0,3,3,6,4,QQR2-AN-3-1,,
HS66,2,3,2,0,0,0,2,7,2,LOR2-AN-3-2,,
HS67,14,3,14,0,0,3,3,45,6,OOI2-AN-3-14,,
HS68,2,4,2,0,2,4,1,8,7,OOR2-MN-4-2,,
HS69,2,4,2,0,2,4,1,8,7,OOR2-MN-4-2,,
HS7,1,2,1,0,1,1,2,4,2,OOR2-AN-2-1,,
HS70,1,4,1,0,0,4,2,6,10,SQR2-MN-4-1,,
HS71,2,4,2,0,1,4,4,12,10,OOR2-AY-4-2,,
HS72,2,4,2,0,0,0,4,12,4,LOR2-MN-4-2,,
HS73,3,4,1,2,1,0,4,16,10,LOR2-MN-4-3,,
HS74,5,4,3,2,3,4,2,16,5,OOR2-AY-4-5,,
HS75,5,4,3,2,3,4,2,16,5,OOR2-AY-4-5,,
HS76,3,4,0,3,0,4,0,14,6,QLR2-AN-4-3,QP,
HS76I,3,4,0,3,0,4,0,14,6,QLR2-AN-4-3,QP,
HS77,2,5,2,0,2,5,4,11,9,OOR2-AY-5-2,,
HS78,3,5,3,0,3,5,5,16,15,OOR2-AN-5-3,,
HS79,3,5,3,0,3,5,4,13,10,OOR2-AY-5-3,,
HS8,2,2,2,0,2,0,2,6,3,CQR2-AN-2-2,,
HS80,3,5,3,0,3,5,5,16,15,OOR2-AN-5-3,,
HS81,3,5,3,0,3,5,5,16,15,OOR2-AN-5-3,,
HS83,3,5,3,0,0,3,5,18,12,QQR2-AN-5-3,,
HS84,3,5,3,0,0,5,5,20,9,QQR2-AN-5-3,,
HS85,21,5,20,1,0,5,5,107,15,OOI2-MN-5-21,,
HS86,10,5,0,10,0,5,0,42,15,OLR2-AN-5-10,,
HS87,4,6,4,0,4,2,5,21,8,OOI2-MN-6-4,,
HS88,1,2,1,0,0,2,2,4,3,QOR2-MN-2-1,,
HS89,1,3,1,0,0,3,3,6,6,QOR2-MN-3-1,,
HS9,1,2,0,1,1,2,0,4,3,OLR2-AN-2-1,,
HS90,1,4,1,0,0,4,4,8,10,QOR2-MN-4-1,,
HS91,1,5,1,0,0,5,5,10,15,QOR2-MN-5-1,,
HS92,1,6,1,0,0,6,6,12,21,QOR2-MN-6-1,,
HS93,2,6,2,0,0,6,6,18,21,OOR2-MY-6-2,,
HS95,4,6,4,0,0,0,5,26,11,LQR2-AN-6-4,,
HS96,4,6,4,0,0,0,5,26,11,LQR2-AN-6-4,,
HS97,4,6,4,0,0,0,5,26,11,LQR2-AN-6-4,,
HS98,4,6,4,0,0,0,5,26,11,LQR2-AN-6-4,,
HS99,2,7,2,0,2,7,7,21,28,OOR2-AN-7-2,,
HS99EXP,21,31,21,0,21,1,8,101,8,OOR2-AN-31-21,,
HUBFIT,1,2,0,1,0,2,0,4,3,OLR2-AN-2-1,,
HUES-MOD,2,5000,0,2,2,5000,0,15000,5000,QLR2-MN-V-V,QP,
HUESTIS,2,5000,0,2,2,5000,0,15000,5000,QLR2-MN-V-V,QP,
HUMPS,0,2,0,0,0,0,0,0,3,OUR2-AN-2-0,UC,
HVYCRASH,3000,4004,3000,0,3000,0,3000,16004,6000,LOR2-AN-V-V,,
HYDC20LS,0,99,0,0,0,0,0,0,1125,SUR2-AN-99-00,UC,
HYDCAR20,99,99,99,0,99,0,99,839,311,NOR2-AN-99-99,,
HYDCAR6,29,29,29,0,29,0,29,223,87,NOR2-AN-29-29,,
HYDCAR6LS,0,29,0,0,0,0,0,0,285,SUR2-AN-29-0,UC,
HYDROELL,1008,1009,0,1008,0,1009,0,3025,2017,OLR2-AN-1009-1008,,
HYDROELM,504,505,0,504,0,505,0,1513,1009,OLR2-AN-505-504,,
HYDROELS,168,169,0,168,0,169,0,505,337,OLR2-AN-169-168,,
HYPCIR,2,2,2,0,2,0,2,6,3,NQR2-AN-2-2,,
INDEF,0,5000,0,0,0,0,0,0,14997,OUR2-AN-V-0,UC,
INDEFM,0,100000,0,0,0,0,0,0,299997,OUR2-AN-V-0,UC,
INTEGREQ,500,502,500,0,500,0,500,250502,500,NOR2-AN-V-V,,
INTEQNE,12,12,10,2,12,0,10,114,10,NOR2-AN-V-V,,
INTEQNELS,0,502,0,0,0,0,0,0,125252,SUR2-AN-V-0,UC,
JANNSON3,3,20000,2,1,1,20000,20000,80000,30001,OQR2-AN-V-3,,
JANNSON4,2,10000,2,0,0,10000,10000,20002,10001,OQR2-AN-V-2,,
JENSMP,0,2,0,0,0,0,0,0,3,SUR2-AN-2-0,UC,
JENSMPNE,10,2,10,0,10,0,2,22,2,NOR2-AN-2-10,,
JIMACK,0,3549,0,0,0,0,0,0,118824,OUR2-AN-3549-0,UC,
JJTABEL3,1650,3025,0,1650,1650,3025,0,10615,3025,QLR2-RN-3025-1650,QP,
JNLBRNG1,0,10000,0,0,0,0,0,0,29800,QBR2-AY-V-0,BCQP,
JNLBRNG2,0,10000,0,0,0,0,0,0,29800,QBR2-AY-V-0,BCQP,
JNLBRNGA,0,10000,0,0,0,0,0,0,29400,QBR2-AY-V-0,BCQP,
JNLBRNGB,0,10000,0,0,0,0,0,0,29400,QBR2-AY-V-0,BCQP,
JUDGE,0,2,0,0,0,0,0,0,3,SUR2-MN-2-0,UC,
JUDGEB,0,2,0,0,0,0,0,0,3,,,
JUDGENE,20,2,20,0,20,0,1,42,1,NOR2-MN-2-20,,
JUNKTURN,7000,10010,7000,0,7000,2999,9999,57010,24999,QQR2-MN-V-V,,
KIRBY2,151,5,151,0,151,0,5,760,15,NOR2-MN-5-151,,
KIRBY2LS,0,5,0,0,0,0,0,0,15,SUR2-MN-5-0,UC,
KISSING,903,127,903,0,42,0,126,6280,2709,LQR2-RN-V-V,,
KISSING2,625,100,625,0,0,100,100,5000,1300,QQR2-RN-V-V,,
KIWCRESC,2,3,2,0,0,0,2,9,2,LQR2-AN-3-2,,
KOEBHELB,0,3,0,0,0,0,0,0,6,SBR2-RN-3-0,BC,
KOEBHELBNE,156,3,156,0,156,0,3,471,6,NOR2-RN-3-0,,
KOWOSB,0,4,0,0,0,0,0,0,10,SUR2-MN-4-0,UC,
KOWOSBNE,11,4,11,0,11,0,4,48,10,NOR2-MN-4-11,,
KSIP,1001,20,0,1001,0,20,0,20021,20,QLR2-AN-20-1001,QP,
KSS,1000,1000,1000,0,1000,0,1000,1001000,1000,NOR2-AN-V-V,,
KSSLS,0,1000,0,0,0,0,0,0,500500,SUR2-AN-V-0,UC,
KTMODEL,450,726,270,180,450,0,480,2736,720,NOR2-MN-720-450,,
LAKES,78,90,18,60,78,90,30,330,102,QOR2-RN-90-78,,
LANCZOS1,24,6,24,0,24,0,6,150,9,NOR2-MN-6-24,,
LANCZOS1LS,0,6,0,0,0,0,0,0,21,SUR2-MN-6-0,UC,
LANCZOS2,24,6,24,0,24,0,6,150,9,NOR2-MN-6-24,,
LANCZOS2LS,0,6,0,0,0,0,0,0,21,SUR2-MN-6-0,UC,
LANCZOS3,24,6,24,0,24,0,6,150,9,NOR2-MN-6-24,,
LANCZOS3LS,0,6,0,0,0,0,0,0,21,SUR2-MN-6-0,UC,
LAUNCH,28,25,10,18,9,25,16,133,100,OOR2-MY-25-28,,
LCH,1,3000,1,0,1,3000,2000,5000,16000,OOR2-MY-V-1,,
LEAKNET,153,156,80,73,153,0,153,559,153,LOR2-RN-156-153,,
LEUVEN1,2220,1530,0,2220,1196,239,0,16677,239,QLR2-RN-1530-2220,QP,
LEUVEN2,2329,1530,0,2329,1065,298,0,18068,327,QLR2-RN-1530-2329,QP,
LEUVEN3,2973,1200,0,2973,29,678,0,200800,71583,QLR2-RN-1200-2973,QP,
LEUVEN4,2973,1200,0,2973,29,678,0,200800,71583,QLR2-RN-1200-2973,QP,
LEUVEN5,2973,1200,0,2973,29,678,0,200800,71583,QLR2-RN-1200-2973,QP,
LEUVEN6,3091,1200,0,3091,29,678,0,217808,71583,QLR2-RN-1200-3091,QP,
LEUVEN7,946,360,0,946,0,169,0,36308,6055,QLR2-RN-300-946,QP,
LEVYMONE,200,100,100,100,200,0,100,399,199,,,
LEVYMONE10,20,10,10,10,20,0,10,39,19,,,
LEVYMONE5,4,2,2,2,4,0,2,7,3,,,
LEVYMONE6,6,3,3,3,6,0,3,11,5,,,
LEVYMONE7,8,4,4,4,8,0,4,15,7,,,
LEVYMONE8,10,5,5,5,10,0,5,19,9,,,
LEVYMONE9,16,8,8,8,16,0,8,31,15,,,
LEVYMONT,0,100,0,0,0,0,0,0,199,,,
LEVYMONT10,0,10,0,0,0,0,0,0,19,,,
LEVYMONT5,0,2,0,0,0,0,0,0,3,,,
LEVYMONT6,0,3,0,0,0,0,0,0,5,,,
LEVYMONT7,0,4,0,0,0,0,0,0,7,,,
LEVYMONT8,0,5,0,0,0,0,0,0,9,,,
LEVYMONT9,0,8,0,0,0,0,0,0,15,,,
LEWISPOL,9,6,6,3,9,6,6,27,6,QOR2-AN-6-9,,
LHAIFAM,150,99,150,0,0,1,85,810,601,OQR2-AN-99-150,,
LIARWHD,0,5000,0,0,0,0,0,0,9999,SUR2-AN-V-0,UC,
LIARWHDNE,10000,5000,5000,5000,10000,0,5000,19999,5000,NOR2-AN-V-V,,
LIN,2,4,0,2,2,4,0,8,6,OLR2-AY-4-2,,
LINCONT,419,1257,0,419,419,1257,0,25302,2095,QLR2-AN-1257-419,QP,
LINSPANH,33,97,0,33,33,0,0,291,0,LNR2-MN-97-33,,
LINVERSE,0,1999,0,0,0,0,0,0,8988,SBR2-AN-V-0,BC,
LINVERSENE,2997,1999,2997,0,2997,0,1999,10987,8988,NOR2-AN-V-0,,
LIPPERT1,50000,20201,40000,10000,10000,0,20200,150201,20200,LQR2-MN-V-V,,
LIPPERT2,50000,20201,40000,10000,10000,0,20201,180201,20201,LQR2-MN-V-V,,
LISWET1,2000,2002,0,2000,0,2002,0,8002,2002,QLR2-AN-V-V,QP,
LISWET10,2000,2002,0,2000,0,2002,0,8002,2002,QLR2-AN-V-V,QP,
LISWET11,2000,2002,0,2000,0,2002,0,8002,2002,QLR2-AN-V-V,QP,
LISWET12,2000,2002,0,2000,0,2002,0,8002,2002,QLR2-AN-V-V,QP,
LISWET2,2000,2002,0,2000,0,2002,0,8002,2002,QLR2-AN-V-V,QP,
LISWET3,2000,2002,0,2000,0,2002,0,8002,2002,QLR2-AN-V-V,QP,
LISWET4,2000,2002,0,2000,0,2002,0,8002,2002,QLR2-AN-V-V,QP,
LISWET5,2000,2002,0,2000,0,2002,0,8002,2002,QLR2-AN-V-V,QP,
LISWET6,2000,2002,0,2000,0,2002,0,8002,2002,QLR2-AN-V-V,QP,
LISWET7,2000,2002,0,2000,0,2002,0,8002,2002,QLR2-AN-V-V,QP,
LISWET8,2000,2002,0,2000,0,2002,0,8002,2002,QLR2-AN-V-V,QP,
LISWET9,2000,2002,0,2000,0,2002,0,8002,2002,QLR2-AN-V-V,QP,
LMINSURF,0,5625,0,0,0,0,0,0,27677,OXR2-MY-V-0,,
LOADBAL,31,31,0,31,11,31,0,122,41,OLR2-MN-31-31,,
LOBSTERZ,16243,16263,16242,1,16243,3240,16262,204176,178686,QOR2-RY-16263-16243,,
LOGHAIRY,0,2,0,0,0,0,0,0,3,OUR2-AN-2-0,UC,
LOGROS,0,2,0,0,0,0,0,0,3,OBR2-AN-2-0,BC,
LOOTSMA,2,3,2,0,0,1,3,9,3,OQR2-AN-3-2,,
LOTSCHD,7,12,0,7,7,6,0,66,6,QLR2-AN-12-7,QP,
LSC1,6,3,6,0,6,0,2,21,3,NOR2-MN-3-6,,
LSC1LS,0,3,0,0,0,0,0,0,6,SUR2-MN-3-0,UC,
LSC2,6,3,6,0,6,0,2,21,3,NOR2-MN-3-6,,
LSC2LS,0,3,0,0,0,0,0,0,6,SUR2-MN-3-0,UC,
LSNNODOC,4,5,0,4,4,5,0,15,10,ONR2-AY-5-4,,
LSQFIT,1,2,0,1,0,2,0,4,3,SLR2-AN-2-1,,
LUBRIF,2500,3751,1249,1251,2500,2498,3750,1576245,8749,QOR2-MN-V-V,,
LUBRIFC,2500,3751,1249,1251,2500,2498,3750,1576245,8749,QOR2-MN-V-V,,
LUKSAN11,198,100,99,99,198,0,99,397,99,NOR2-AN-V-V,,
LUKSAN11LS,0,100,0,0,0,0,0,0,199,SUR2-AN-V-0,UC,
LUKSAN12,192,98,160,32,192,0,97,450,193,NOR2-AN-V-V,,
LUKSAN12LS,0,98,0,0,0,0,0,0,291,SUR2-AN-V-0,UC,
LUKSAN13,224,98,224,0,224,0,98,610,194,NOR2-AN-V-V,,
LUKSAN13LS,0,98,0,0,0,0,0,0,291,SUR2-AN-V-0,UC,
LUKSAN14,224,98,64,160,224,0,64,514,64,NOR2-AN-V-V,,
LUKSAN14LS,0,98,0,0,0,0,0,0,259,SUR2-AN-V-0,UC,
LUKSAN15,196,100,196,0,196,0,100,884,346,NOR2-AN-V-V,,
LUKSAN15LS,0,100,0,0,0,0,0,0,346,SUR2-AN-V-0,UC,
LUKSAN16,196,100,196,0,196,0,100,884,346,NOR2-AN-V-V,,
LUKSAN16LS,0,100,0,0,0,0,0,0,346,SUR2-AN-V-0,UC,
LUKSAN17,196,100,196,0,196,0,100,884,100,NOR2-AN-V-V,,
LUKSAN17LS,0,100,0,0,0,0,0,0,346,SUR2-AN-V-0,UC,
LUKSAN21,100,100,100,0,100,0,100,398,100,NOR2-AN-V-V,,
LUKSAN21LS,0,100,0,0,0,0,0,0,297,SUR2-AN-V-0,UC,
LUKSAN22,198,100,197,1,198,0,100,592,199,NOR2-AN-V-V,,
LUKSAN22LS,0,100,0,0,0,0,0,0,297,SUR2-AN-V-0,UC,
LUKVLE1,9998,10000,9998,0,9998,10000,10000,39994,19999,OOR2-AY-V-V,,
LUKVLE10,9998,10000,9998,0,9998,10000,9998,39994,15000,OQR2-AY-V-V,,
LUKVLE11,6664,9998,6664,0,6664,9998,6666,29990,21105,OOR2-AY-V-V,,
LUKVLE12,7497,9997,7497,0,7497,9997,7498,29989,22492,OQR2-AY-V-V,,
LUKVLE13,6664,9998,6664,0,6664,9998,6664,36654,16662,OQR2-AY-V-V,,
LUKVLE14,6664,9998,6664,0,6664,9998,3333,29989,13330,OQR2-AY-V-V,,
LUKVLE15,7497,9997,7497,0,7497,9997,7497,32488,19993,OQR2-AY-V-V,,
LUKVLE16,7497,9997,7497,0,7497,9997,7497,27490,14995,OQR2-AY-V-V,,
LUKVLE17,7497,9997,7497,0,7497,9997,7497,27490,14995,OQR2-AY-V-V,,
LUKVLE18,7497,9997,7497,0,7497,9997,7497,27490,14995,OQR2-AY-V-V,,
LUKVLE2,4999,10000,4999,0,4999,10000,5005,44993,19998,OOR2-AY-V-V,,
LUKVLE3,2,10000,2,0,2,10000,4,10004,24998,OOR2-AY-V-V,,
LUKVLE4,4999,10000,4999,0,4999,10000,5001,24997,19999,OOR2-AY-V-V,,
LUKVLE5,9996,10002,9996,0,9996,10002,9999,59982,30003,OOR2-AY-V-V,,
LUKVLE6,4999,9999,4999,0,4999,9999,9999,24996,69972,OOR2-AY-V-V,,
LUKVLE7,4,10000,4,0,4,10000,7,10014,10003,OOR2-AY-V-V,,
LUKVLE8,9998,10000,9998,0,9998,10000,9998,39994,30000,OOR2-AY-V-V,,
LUKVLE9,6,10000,6,0,6,10000,11,10030,15002,OOR2-AY-V-V,,
LUKVLI1,9998,10000,9998,0,0,10000,10000,39994,19999,OOR2-AY-V-V,,
LUKVLI10,9998,10000,9998,0,0,10000,9998,39994,15000,OQR2-AY-V-V,,
LUKVLI11,6664,9998,6664,0,0,9998,6666,29990,21105,OOR2-AY-V-V,,
LUKVLI12,7497,9997,7497,0,0,9997,7498,29989,22492,OQR2-AY-V-V,,
LUKVLI13,6664,9998,6664,0,0,9998,6664,36654,16662,OQR2-AY-V-V,,
LUKVLI14,6664,9998,6664,0,0,9998,3333,29989,13330,OQR2-AY-V-V,,
LUKVLI15,7497,9997,7497,0,0,9997,7497,32488,19993,OQR2-AY-V-V,,
LUKVLI16,7497,9997,7497,0,0,9997,7497,27490,14995,OQR2-AY-V-V,,
LUKVLI17,7497,9997,7497,0,0,9997,7497,27490,14995,OQR2-AY-V-V,,
LUKVLI18,7497,9997,7497,0,0,9997,7497,27490,14995,OQR2-AY-V-V,,
LUKVLI2,4999,10000,4999,0,0,10000,5005,44993,19998,OOR2-AY-V-V,,
LUKVLI3,2,10000,2,0,0,10000,4,10004,24998,OOR2-AY-V-V,,
LUKVLI4,4999,10000,4999,0,0,10000,5001,24997,19999,OOR2-AY-V-V,,
LUKVLI5,9996,10002,9996,0,0,10002,9999,59982,30003,OOR2-AY-V-V,,
LUKVLI6,4999,9999,4999,0,0,9999,9999,24996,69972,OOR2-AY-V-V,,
LUKVLI7,4,10000,4,0,0,10000,7,10014,10003,OOR2-AY-V-V,,
LUKVLI8,9998,10000,9998,0,0,10000,9998,39994,30000,OOR2-AY-V-V,,
LUKVLI9,6,10000,6,0,0,10000,11,10030,15002,OOR2-AY-V-V,,
MADSEN,6,3,6,0,0,0,2,17,3,LOR2-AN-3-6,,
MADSSCHJ,398,201,398,0,0,0,200,80199,200,LQR2-AN-V-V,,
MAKELA1,2,3,1,1,0,0,2,9,2,LQR2-AN-3-2,,
MAKELA2,3,3,3,0,0,0,2,12,2,LQR2-AN-3-3,,
MAKELA3,20,21,20,0,0,0,20,61,20,LQR2-AN-21-20,,
MAKELA4,40,21,0,40,0,0,0,101,0,LLR2-AN-21-40,LP,
MANCINO,0,100,0,0,0,0,0,0,5050,SUR2-AN-V-0,UC,
MANCINONE,100,100,100,0,100,0,100,10100,100,NOR2-AN-V-V,,
MANNE,4000,6000,2000,2000,0,4000,2000,17999,4000,OOR2-MN-V-V,,
MARATOS,1,2,1,0,1,2,2,4,2,QQR2-AN-2-1,,
MARATOSB,0,2,0,0,0,0,0,0,3,OUR2-AN-2-0,UC,
MARINE,11192,11215,3200,7992,11192,184,3399,57983,9423,OOR2-AN-V-V,,
MATRIX2,2,6,2,0,0,6,6,12,11,QOR2-AY-6-2,,
MAXLIKA,0,8,0,0,0,0,0,0,36,OBR2-AY-8-0,BC,
MCCORMCK,0,5000,0,0,0,0,0,0,9999,OBR2-AY-V-0,BC,
MCONCON,11,15,4,7,11,0,11,41,11,LOI2-MN-15-11,,
MDHOLE,0,2,0,0,0,0,0,0,3,OBR2-AN-2-0,BC,
MESH,48,41,20,28,24,19,37,241,143,OOR2-AY-41-48,,
METHANB8,31,31,31,0,31,0,31,226,89,NOR2-MN-31-31,,
METHANB8LS,0,31,0,0,0,0,0,0,256,SUR2-MN-31-0,UC,
METHANL8,31,31,31,0,31,0,31,226,89,NOR2-MN-31-31,,
METHANL8LS,0,31,0,0,0,0,0,0,256,SUR2-MN-31-0,UC,
METHANOL,11997,12005,3600,8397,11997,195,2600,76790,13694,OOR2-AN-V-V,,
MEXHAT,0,2,0,0,0,0,0,0,3,OUR2-AN-2-0,UC,
MEYER3,0,3,0,0,0,0,0,0,6,SUR2-RN-3-0,UC,
MEYER3NE,16,3,16,0,16,0,3,51,6,NOR2-RN-3-16,,
MGH09,11,4,11,0,11,0,4,48,10,NOR2-MN-4-11,,
MGH09LS,0,4,0,0,0,0,0,0,10,SUR2-MN-4-0,UC,
MGH10,16,3,16,0,16,0,3,51,6,NOR2-MN-3-16,,
MGH10LS,0,3,0,0,0,0,0,0,6,SUR2-MN-3-0,UC,
MGH10S,16,3,16,0,16,0,3,51,6,NOR2-MN-3-16,,
MGH10SLS,0,3,0,0,0,0,0,0,6,SUR2-MN-3-0,UC,
MGH17,33,5,33,0,33,0,4,170,6,NOR2-MN-5-33,,
MGH17LS,0,5,0,0,0,0,0,0,15,SUR2-MN-5-0,UC,
MGH17S,33,5,33,0,33,0,4,170,6,NOR2-MN-5-33,,
MGH17SLS,0,5,0,0,0,0,0,0,15,NOR2-MN-5-33,,
MIFFLIN1,2,3,1,1,0,0,2,8,2,LQR2-AN-3-2,,
MIFFLIN2,2,3,2,0,0,0,2,9,2,LQR2-AN-3-2,,
MINC44,1032,1113,1013,19,1032,0,1112,12536,6222,LQR2-AN-V-V,,
MINMAXBD,20,5,20,0,0,0,4,105,6,LOR2-AN-5-20,,
MINMAXRB,4,3,2,2,0,0,1,13,1,LQR2-AN-3-4,,
MINPERM,1033,1113,1013,20,1033,0,1112,12546,6222,LQR2-AN-V-V,,
MINSURF,0,64,0,0,0,0,0,0,274,OXR2-MY-64-0,,
MINSURFO,0,5306,0,0,0,0,0,0,20909,OBR2-AN-V-V,BC,
MISRA1A,14,2,14,0,14,0,2,30,3,NOR2-MN-2-14,,
MISRA1ALS,0,2,0,0,0,0,0,0,3,SUR2-MN-2-0,UC,
MISRA1B,14,2,14,0,14,0,2,30,3,NOR2-MN-2-14,,
MISRA1BLS,0,2,0,0,0,0,0,0,3,SUR2-MN-2-0,UC,
MISRA1C,14,2,14,0,14,0,2,30,3,NOR2-MN-2-14,,
MISRA1CLS,0,2,0,0,0,0,0,0,3,SUR2-MN-2-0,UC,
MISRA1D,14,2,14,0,14,0,2,30,3,NOR2-MN-2-14,,
MISRA1DLS,0,2,0,0,0,0,0,0,3,SUR2-MN-2-0,UC,
MISTAKE,13,9,13,0,0,9,9,48,25,QQR2-AY-9-13,,
MNISTS0,60000,494,60000,0,60000,0,494,9028503,117915,NOR2-MN-494-6000,,
MNISTS0LS,0,494,0,0,0,0,0,0,117915,SUR2-MN-494-0,UC,
MNISTS5,60000,494,60000,0,60000,0,494,9028503,117915,NOR2-MN-494-6000,,
MNISTS5LS,0,494,0,0,0,0,0,0,117915,SUR2-MN-494-0,UC,
MODBEALE,0,20000,0,0,0,0,0,0,39999,SUR2-AN-V-0,UC,
MODBEALENE,39999,20000,30000,9999,39999,0,20000,99998,30000,NOR2-AN-V-V,,
MODEL,38,1542,0,38,23,0,0,1663,0,LLR2-AN-1557-38,LP,
MOREBV,0,5000,0,0,0,0,0,0,14997,SUR2-MN-V-0,UC,
MOREBVNE,10,10,10,0,10,0,10,38,10,NOR2-MN-V-V,,
MOSARQP1,700,2500,0,700,0,2500,0,5922,2545,QLR2-AN-V-V,QP,
MOSARQP2,700,2500,0,700,0,2500,0,5922,2545,QLR2-AN-V-V,QP,
MPC1,3833,2550,0,3833,1785,498,0,30212,547,QLR2-RN-2549-3832,QP,
MPC10,2351,1530,0,2351,1065,328,0,18068,357,QLR2-RN-1530-2351,QP,
MPC11,2351,1530,0,2351,1065,328,0,18068,357,QLR2-RN-1530-2351,QP,
MPC12,2351,1530,0,2351,1065,328,0,18068,357,QLR2-RN-1529-2350,QP,
MPC13,2351,1530,0,2351,1065,328,0,18068,357,QLR2-RN-1529-2350,QP,
MPC14,2351,1530,0,2351,1065,328,0,18068,357,QLR2-RN-1530-2351,QP,
MPC15,2351,1530,0,2351,1065,328,0,18068,357,QLR2-RN-1529-2350,QP,
MPC16,2351,1530,0,2351,1065,328,0,18068,357,QLR2-RN-1529-2350,QP,
MPC2,2351,1530,0,2351,1065,328,0,18068,357,QLR2-RN-1529-2350,QP,
MPC3,2351,1530,0,2351,1065,328,0,18068,357,QLR2-RN-1529-2350,QP,
MPC4,2351,1530,0,2351,1065,328,0,18068,357,QLR2-RN-1530-2351,QP,
MPC5,2351,1530,0,2351,1065,328,0,18068,357,QLR2-RN-1529-2350,QP,
MPC6,2351,1530,0,2351,1065,328,0,18068,357,QLR2-RN-1529-2350,QP,
MPC7,2351,1530,0,2351,1065,328,0,18068,357,QLR2-RN-1530-2351,QP,
MPC8,2351,1530,0,2351,1065,328,0,18068,357,QLR2-RN-1529-2350,QP,
MPC9,2351,1530,0,2351,1065,328,0,18068,357,QLR2-RN-1529-2350,QP,
MRIBASIS,55,36,11,44,9,0,36,440,136,LOR2-MY-36-55,,
MSQRTA,1024,1024,1024,0,1024,0,1024,65536,33264,NQR2-AN-V-V,,
MSQRTALS,0,1024,0,0,0,0,0,0,524800,SUR2-AN-V-V,UC,
MSQRTB,1024,1024,1024,0,1024,0,1024,65536,33264,NQR2-AN-V-V,,
MSQRTBLS,0,1024,0,0,0,0,0,0,524800,SUR2-AN-V-V,UC,
MSS1,73,90,73,0,73,90,90,468,2070,QQR2-AN-90-73,,
MSS2,703,756,703,0,703,756,756,4320,143262,QQR2-AN-756-703,,
MSS3,1981,2070,1981,0,1981,2070,2070,12060,1072260,QQR2-AN-2070-1981,,
MUONSINE,512,1,512,0,512,0,1,513,1,NOR2-MN-1-512,,
MUONSINELS,0,1,0,0,0,0,0,0,1,SUR2-MN-1-0,UC,
MWRIGHT,3,5,3,0,3,5,4,13,10,OQR2-AN-5-3,,
NASH,24,72,0,24,24,72,0,229,120,QLR2-AN-72-24,QP,
NCB20,0,5010,0,0,0,0,0,0,99821,OUR2-AN-V-0,UC,
NCB20B,0,5000,0,0,0,0,0,0,99810,OUR2-AN-V-0,UC,
NCVXBQP1,0,10000,0,0,0,0,0,0,39984,QBR2-AN-V-0,BCQP,
NCVXBQP2,0,10000,0,0,0,0,0,0,39984,QBR2-AN-V-0,BCQP,
NCVXBQP3,0,10000,0,0,0,0,0,0,39984,QBR2-AN-V-0,BCQP,
NCVXQP1,5000,10000,0,5000,5000,10000,0,24998,39984,QLR2-AN-V-V,QP,
NCVXQP2,5000,10000,0,5000,5000,10000,0,24998,39984,QLR2-AN-V-V,QP,
NCVXQP3,5000,10000,0,5000,5000,10000,0,24998,39984,QLR2-AN-V-V,QP,
NCVXQP4,2500,10000,0,2500,2500,10000,0,17499,39984,QLR2-AN-V-V,QP,
NCVXQP5,2500,10000,0,2500,2500,10000,0,17499,39984,QLR2-AN-V-V,QP,
NCVXQP6,2500,10000,0,2500,2500,10000,0,17499,39984,QLR2-AN-V-V,QP,
NCVXQP7,7500,10000,0,7500,7500,10000,0,32497,39984,QLR2-AN-V-V,QP,
NCVXQP8,7500,10000,0,7500,7500,10000,0,32497,39984,QLR2-AN-V-V,QP,
NCVXQP9,7500,10000,0,7500,7500,10000,0,32497,39984,QLR2-AN-V-V,QP,
NELSON,128,3,128,0,128,0,2,387,3,NOR2-MN-3-128,,
NELSONLS,0,3,0,0,0,0,0,0,6,SUR2-MN-3,UC,
NET1,57,48,20,37,38,12,44,186,113,OOI2-RN-48-57,,
NET2,160,144,64,96,123,20,133,549,339,OOI2-RN-144-160,,
NET3,521,464,216,305,394,68,428,1841,1117,OOI2-RN-464-521,,
NET4,75024,66816,31104,43920,56736,9792,61632,329493,160848,OOI2-RN-66816-75024,,
NGONE,5048,200,4950,98,0,200,200,20196,10398,QQR2-AY-V-V,,
NINE12,11362,10399,0,11362,11362,10399,0,63023,10399,QLR2-RN-10399-11362,QP,
NINE5D,17295,10733,0,17295,17295,10733,0,68868,10733,QLR2-RN-10733-17295,QP,
NINENEW,7340,6546,0,7340,7340,6546,0,39466,6546,QLR2-RN-6546-7340,QP,
NLMSURF,0,5625,0,0,0,0,0,0,27677,OXR2-MY-V-0,,
NOBNDTOR,0,5476,0,0,0,0,0,0,15984,QBR2-AY-V-0,BCQP,
NONCVXU2,0,5000,0,0,0,0,0,0,19991,OUR2-AN-V-0,UC,
NONCVXUN,0,5000,0,0,0,0,0,0,19984,OUR2-AN-V-0,UC,
NONDIA,0,5000,0,0,0,0,0,0,9997,SUR2-AN-V-0,UC,
NONDIANE,5000,5000,4999,1,5000,0,4999,14998,4999,NOR2-AN-V-V,,
NONDQUAR,0,5000,0,0,0,0,0,0,14997,OUR2-AN-V-0,UC,
NONMSQRT,0,4900,0,0,0,0,0,0,173950,SUR2-AN-V-0,UC,
NONMSQRTNE,4900,4900,4900,0,4900,0,4900,347900,173950,NOR2-AN-V-V,,
NONSCOMP,0,5000,0,0,0,0,0,0,9999,SBR2-AN-V-0,BC,
NONSCOMPNE,5000,5000,4999,1,5000,0,4999,14999,4999,NOR2-AN-V-0,,
NUFFIELD,5000,940,780,4220,0,0,940,18818,11008,LQR2-AN-V-V,,
NYSTROM5,20,18,18,2,20,0,18,196,80,NOR2-RY-18-20,,
OBSTCLAE,0,10000,0,0,0,0,0,0,29400,QBR2-AY-V-0,BCQP,
OBSTCLAL,0,10000,0,0,0,0,0,0,29400,QBR2-AY-V-0,BCQP,
OBSTCLBL,0,10000,0,0,0,0,0,0,29400,QBR2-AY-V-0,BCQP,
OBSTCLBM,0,10000,0,0,0,0,0,0,29400,QBR2-AY-V-0,BCQP,
OBSTCLBU,0,10000,0,0,0,0,0,0,29400,QBR2-AY-V-0,BCQP,
ODC,0,5184,0,0,0,0,0,0,20449,OXR2-MY-V-0,,
ODFITS,6,10,0,6,6,10,0,25,10,OLR2-MN-10-6,,
ODNAMUR,0,11130,0,0,0,0,0,0,9385795,QBR2-RN-11130-0,BCQP,
OET1,1002,3,0,1002,0,0,0,3007,0,LLR2-AN-3-V,LP,
OET2,1002,3,1002,0,0,0,2,3009,3,LOR2-AN-3-V,,
OET3,1002,4,0,1002,0,0,0,4008,0,LLR2-AN-4-V,LP,
OET4,1002,4,1002,0,0,0,3,4012,6,LOR2-AN-4-V,,
OET5,1002,5,1002,0,0,0,3,5015,6,LQR2-AN-5-V,,
OET6,1002,5,1002,0,0,0,4,5015,6,LOR2-AN-5-V,,
OET7,1002,7,1002,0,0,0,6,7021,9,LOR2-AN-7-V,,
OPTCDEG2,3000,4502,1500,1500,3000,3001,1500,15002,3001,QQR2-AN-V-V,,
OPTCDEG3,3000,4502,1500,1500,3000,3002,1500,15002,3002,QQR2-AN-V-V,,
OPTCNTRL,20,32,10,10,20,21,10,102,21,QQR2-AN-32-20,,
OPTCTRL3,3000,4502,1500,1500,3000,4500,1500,15002,4500,QQR2-AN-V-V,,
OPTCTRL6,3000,4502,1500,1500,3000,4500,1500,15002,4500,QQR2-AN-V-V,,
OPTMASS,25005,30010,5001,20004,20004,4,10006,110026,10006,QQR2-AN-V-V,,
OPTPRLOC,30,30,25,5,0,2,5,200,5,QQR2-AN-30-30,,
ORBIT2,2097,2698,2097,0,1797,0,2698,32314,32320,LOR1-RN-V-V,,
ORTHRDM2,4000,8003,4000,0,4000,8000,8003,28003,36006,QOR2-AY-V-V,,
ORTHRDS2,2500,5003,2500,0,2500,5000,5003,17503,22506,QOR2-AY-V-V,,
ORTHREGA,4096,8197,4096,0,4096,8192,8197,36869,36869,QQR2-AN-V-V,,
ORTHREGB,6,27,6,0,6,18,27,99,117,QQR2-AN-27-6,,
ORTHREGC,2500,5005,2500,0,2500,5000,5005,22505,22505,QQR2-AN-V-V,,
ORTHREGD,2500,5003,2500,0,2500,5000,5003,17503,22506,QOR2-AY-V-V,,
ORTHREGE,5000,7506,5000,0,5000,7504,2504,37506,17509,QOR2-AY-V-V,,
ORTHREGF,1600,4805,1600,0,1600,4800,4805,17605,17608,QOR2-AY-V-V,,
ORTHRGDM,5000,10003,5000,0,5000,10000,10003,35003,45006,QOR2-AY-V-V,,
ORTHRGDS,2500,5003,2500,0,2500,5000,5003,17503,22506,QOR2-AY-V-V,,
OSBORNE1,33,5,33,0,33,0,4,170,6,NOR2-MN-5-33,,
OSBORNE2,65,11,65,0,65,0,11,726,21,NOR2-MN-11-65,,
OSBORNEA,0,5,0,0,0,0,0,0,15,SUR2-MN-5-0,UC,
OSBORNEB,0,11,0,0,0,0,0,0,66,SUR2-MN-11-0,UC,
OSCIGRAD,0,100000,0,0,0,0,0,0,299997,SUR2-AN-V-0,UC,
OSCIGRNE,100000,100000,100000,0,100000,0,100000,399998,199999,NOR2-AN-V-V,,
OSCIPANE,10,10,9,1,10,0,9,29,9,NOR2-AN-V-V,,
OSCIPATH,0,500,0,0,0,0,0,0,999,SUR2-AN-V-0,UC,
OSLBQP,0,8,0,0,0,0,0,0,8,QBR2-AN-8-0,BCQP,
OSORIO,202,10201,0,202,202,10201,0,30603,10201,QLR2-RN-10201-202,QP,
PALMER1,0,4,0,0,0,0,0,0,10,SBR2-RN-4-0,BC,
PALMER1A,0,6,0,0,0,0,0,0,21,SBR2-RN-6-0,BC,
PALMER1ANE,35,6,35,0,35,0,2,213,3,NOR2-RN-6-0,,
PALMER1B,0,4,0,0,0,0,0,0,10,SBR2-RN-4-0,BC,
PALMER1BNE,35,4,35,0,35,0,2,142,3,NOR2-RN-4-0,,
PALMER1C,0,8,0,0,0,0,0,0,36,QUR2-RN-8-0,UC,
PALMER1D,0,7,0,0,0,0,0,0,28,QUR2-RN-7-0,UC,
PALMER1E,0,8,0,0,0,0,0,0,36,SBR2-RN-8-0,BC,
PALMER1ENE,35,8,35,0,35,0,2,283,3,NOR2-RN-8-0,,
PALMER1NE,31,4,31,0,31,0,3,127,6,NOR2-RN-4-0,,
PALMER2,0,4,0,0,0,0,0,0,10,SBR2-RN-4-0,BC,
PALMER2A,0,6,0,0,0,0,0,0,21,SBR2-RN-6-0,BC,
PALMER2ANE,23,6,23,0,23,0,2,141,3,NOR2-RN-6-0,,
PALMER2B,0,4,0,0,0,0,0,0,10,SBR2-RN-4-0,BC,
PALMER2BNE,23,4,23,0,23,0,2,94,3,NOR2-RN-4-0,,
PALMER2C,0,8,0,0,0,0,0,0,36,QUR2-RN-8-0,UC,
PALMER2E,0,8,0,0,0,0,0,0,36,SBR2-RN-8-0,BC,
PALMER2ENE,23,8,23,0,23,0,2,187,3,NOR2-RN-8-0,,
PALMER2NE,23,4,23,0,23,0,3,95,6,NOR2-RN-4-0,,
PALMER3,0,4,0,0,0,0,0,0,10,SBR2-RN-4-0,BC,
PALMER3A,0,6,0,0,0,0,0,0,21,SBR2-RN-6-0,BC,
PALMER3ANE,23,6,23,0,23,0,2,141,3,NOR2-RN-6-0,,
PALMER3B,0,4,0,0,0,0,0,0,10,SBR2-RN-4-0,BC,
PALMER3BNE,23,4,23,0,23,0,2,94,3,NOR2-RN-4-0,,
PALMER3C,0,8,0,0,0,0,0,0,36,QUR2-RN-8-0,UC,
PALMER3E,0,8,0,0,0,0,0,0,36,SBR2-RN-8-0,BC,
PALMER3ENE,23,8,23,0,23,0,2,187,3,NOR2-RN-8-0,,
PALMER3NE,23,4,23,0,23,0,3,95,6,NOR2-RN-4-0,,
PALMER4,0,4,0,0,0,0,0,0,10,SBR2-RN-4-0,BC,
PALMER4A,0,6,0,0,0,0,0,0,21,SBR2-RN-6-0,BC,
PALMER4ANE,23,6,23,0,23,0,2,141,3,NOR2-RN-6-0,,
PALMER4B,0,4,0,0,0,0,0,0,10,SBR2-RN-4-0,BC,
PALMER4BNE,23,4,23,0,23,0,2,94,3,NOR2-RN-4-0,,
PALMER4C,0,8,0,0,0,0,0,0,36,QUR2-RN-8-0,UC,
PALMER4E,0,8,0,0,0,0,0,0,36,SBR2-RN-8-0,BC,
PALMER4ENE,23,8,23,0,23,0,2,187,3,NOR2-RN-8-0,,
PALMER4NE,23,4,23,0,23,0,3,95,6,NOR2-RN-4-0,,
PALMER5A,0,8,0,0,0,0,0,0,36,SBR2-RN-8-0,BC,
PALMER5ANE,12,8,12,0,12,0,2,104,3,NOR2-RN-8-0,,
PALMER5B,0,9,0,0,0,0,0,0,45,SBR2-RN-9-0,BC,
PALMER5BNE,12,9,12,0,12,0,2,111,3,NOR2-RN-9-0,,
PALMER5C,0,6,0,0,0,0,0,0,21,QUR2-RN-6-0,UC,
PALMER5D,0,4,0,0,0,0,0,0,10,QUR2-RN-4-0,UC,
PALMER5E,0,8,0,0,0,0,0,0,36,SBR2-RN-8-0,BC,
PALMER5ENE,12,8,12,0,12,0,2,104,3,NOR2-RN-8-0,,
PALMER6A,0,6,0,0,0,0,0,0,21,SBR2-RN-6-0,BC,
PALMER6ANE,13,6,13,0,13,0,2,81,3,NOR2-RN-6-0,,
PALMER6C,0,8,0,0,0,0,0,0,36,SUR2-RN-8-0,UC,
PALMER6E,0,8,0,0,0,0,0,0,36,SBR2-RN-8-0,BC,
PALMER6ENE,13,8,13,0,13,0,2,107,3,NOR2-RN-8-0,,
PALMER7A,0,6,0,0,0,0,0,0,21,SBR2-RN-6-0,BC,
PALMER7ANE,13,6,13,0,13,0,2,81,3,NOR2-RN-6-0,,
PALMER7C,0,8,0,0,0,0,0,0,36,QUR2-RN-8-0,UC,
PALMER7E,0,8,0,0,0,0,0,0,36,SBR2-RN-8-0,BC,
PALMER7ENE,13,8,13,0,13,0,2,107,3,NOR2-RN-8-0,,
PALMER8A,0,6,0,0,0,0,0,0,21,SBR2-RN-6-0,BC,
PALMER8ANE,12,6,12,0,12,0,2,75,3,NOR2-RN-6-0,,
PALMER8C,0,8,0,0,0,0,0,0,36,QUR2-RN-8-0,UC,
PALMER8E,0,8,0,0,0,0,0,0,36,SBR2-RN-8-0,BC,
PALMER8ENE,12,8,12,0,12,0,2,99,3,NOR2-RN-8-0,,
PARKCH,0,15,0,0,0,0,0,0,120,OUR2-RN-15-0,UC,
PDE1,270595,90602,0,270595,89401,0,0,899995,0,LLR2-AN-V-V,LP,
PDE2,270595,180600,0,270595,89401,0,0,989993,0,LLR2-AN-V-V,LP,
PENALTY1,0,1000,0,0,0,0,0,0,500500,SUR2-AN-V-0,UC,
PENALTY2,0,200,0,0,0,0,0,0,20100,SUR2-AN-V-0,UC,
PENALTY3,0,200,0,0,0,0,0,0,20100,OUR2-AY-V-0,UC,
PENLT1NE,11,10,1,10,11,0,10,30,10,NOR2-AN-V-V,,
PENLT2NE,8,4,7,1,8,0,4,18,4,NOR2-AN-V-V,,
PENTAGON,15,6,0,15,0,6,0,33,21,OLR2-AY-6-15,,
PENTDI,0,5000,0,0,0,0,0,0,14996,QBR2-AN-V-0,BCQP,
PFIT1,3,3,3,0,3,0,3,12,6,NOR2-AN-3-3,,
PFIT1LS,0,3,0,0,0,0,0,0,6,SBR2-AN-3-0,BC,
PFIT2,3,3,3,0,3,0,3,12,6,NOR2-AN-3-3,,
PFIT2LS,0,3,0,0,0,0,0,0,6,SBR2-AN-3-0,BC,
PFIT3,3,3,3,0,3,0,3,12,6,NOR2-AN-3-3,,
PFIT3LS,0,3,0,0,0,0,0,0,6,SBR2-AN-3-0,BC,
PFIT4,3,3,3,0,3,0,3,12,6,NOR2-AN-3-3,,
PFIT4LS,0,3,0,0,0,0,0,0,6,SBR2-AN-3-0,BC,
PINENE,8795,8805,3000,5795,8795,160,1965,48580,5207,OOR2-AN-V-V,,
POLAK1,2,3,2,0,0,0,2,9,3,LOR2-AN-3-2,,
POLAK2,2,11,2,0,0,0,10,33,55,LOR2-AN-11-2,,
POLAK3,10,12,10,0,0,0,11,132,11,LOR2-AN-12-10,,
POLAK4,3,3,3,0,0,0,2,12,2,LQR2-AN-3-3,,
POLAK5,2,3,2,0,0,0,2,9,3,LOR2-AN-3-2,,
POLAK6,4,5,4,0,0,0,4,25,7,LOR2-AN-5-4,,
POLYGEVEN,20296,400,19900,396,198,400,400,80792,80200,,,
POLYGODD,19899,398,19701,198,198,398,398,79598,79401,,,
POLYGON,5049,200,4950,99,0,200,200,20198,20100,OOR2-AN-V-V,,
POROUS1,4900,5184,4900,0,4900,0,5180,29684,5180,NOR2-MN-V-V,,
POROUS2,4900,5184,4900,0,4900,0,5180,29684,5180,NOR2-MN-V-V,,
PORTFL1,1,12,0,1,1,12,0,24,78,SLR2-MN-12-1,,
PORTFL2,1,12,0,1,1,12,0,24,78,SLR2-MN-12-1,,
PORTFL3,1,12,0,1,1,12,0,24,78,SLR2-MN-12-1,,
PORTFL4,1,12,0,1,1,12,0,24,78,SLR2-MN-12-1,,
PORTFL6,1,12,0,1,1,12,0,24,78,SLR2-MN-12-1,,
PORTSNQP,2,100000,0,2,2,100000,0,299999,100000,QLR2-AN-V-1,QP,
PORTSQP,1,100000,0,1,1,100000,0,200000,100000,QLR2-AN-V-1,QP,
POWELL20,5000,5000,0,5000,0,5000,0,15000,5000,QLR2-AN-V-V,QP,
POWELLBC,0,1000,0,0,0,0,0,0,500500,OBR2-AN-V-0,BC,
POWELLBS,2,2,2,0,2,0,2,6,3,NOR2-AN-2-2,,
POWELLBSLS,0,2,0,0,0,0,0,0,3,SUR2-AN-2-0,UC,
POWELLSE,4,4,2,2,4,0,4,12,6,NOR2-AN-V-V,,
POWELLSG,0,5000,0,0,0,0,0,0,10000,OUR2-AN-V-0,UC,
POWELLSQ,2,2,2,0,2,0,2,5,2,NOR2-AN-2-2,,
POWELLSQLS,0,2,0,0,0,0,0,0,3,SUR2-AN-2-0,UC,
POWER,0,10000,0,0,0,0,0,0,50005000,OUR2-AN-V-0,UC,
POWERSUM,0,4,0,0,0,0,0,0,10,SUR2-MN-V-0,UC,
POWERSUMB,0,4,0,0,0,0,0,0,10,,,
POWERSUMNE,4,4,4,0,4,0,4,20,4,NOR2-MN-V-V,,
PRICE3,0,2,0,0,0,0,0,0,3,SUR2-MN-V-0,UC,
PRICE3B,0,2,0,0,0,0,0,0,3,,,
PRICE3NE,2,2,2,0,2,0,2,6,2,NOR2-MN-2-2,,
PRICE4,0,2,0,0,0,0,0,0,3,SUR2-MN-2-0,UC,
PRICE4B,0,2,0,0,0,0,0,0,3,,,
PRICE4NE,2,2,2,0,2,0,2,6,3,NOR2-MN-2-2,,
PRIMAL1,85,325,0,85,0,324,0,6140,324,QLR2-MN-325-85,QP,
PRIMAL2,96,649,0,96,0,648,0,8691,648,QLR2-MN-649-96,QP,
PRIMAL3,111,745,0,111,0,744,0,22292,744,QLR2-MN-745-111,QP,
PRIMAL4,75,1489,0,75,0,1488,0,17520,1488,QLR2-MN-1489-75,QP,
PRIMALC1,9,230,0,9,0,229,0,2300,229,QLR2-MN-230-9,QP,
PRIMALC2,7,231,0,7,0,230,0,1848,230,QLR2-MN-231-7,QP,
PRIMALC5,8,287,0,8,0,286,0,2583,286,QLR2-MN-287-8,QP,
PRIMALC8,8,520,0,8,0,519,0,4680,519,QLR2-MN-520-8,QP,
PROBPENL,0,500,0,0,0,0,0,0,125250,OBR2-AN-V-0,BC,
PRODPL0,29,60,4,25,20,0,20,188,114,LQR2-RY-60-29,,
PRODPL1,29,60,4,25,20,0,20,188,114,LQR2-RY-60-29,,
PSPDOC,0,4,0,0,0,0,0,0,9,SBR2-AY-4-0,BC,
PT,501,2,0,501,0,0,0,1004,0,LLR2-AN-2-V,LP,
QC,4,9,0,4,0,9,0,18,45,OLR2-MY-9-4,,
QCNEW,3,9,0,3,0,9,0,16,45,OLR2-MY-9-3,,
QING,0,100,0,0,0,0,0,0,100,SUR2-MN-V-0,UC,
QINGB,0,5,0,0,0,0,0,0,5,,,
QINGNE,100,100,100,0,100,0,100,200,100,NOR2-MN-V-V,,
QPBAND,25000,50000,0,25000,0,50000,0,100000,99999,QLR2-AN-V-V,QP,
QPCBLEND,74,83,0,74,43,83,0,574,83,QLR2-MN-83-74,QP,
QPCBOEI1,351,384,0,351,9,384,0,3869,384,QLR2-MN-384-351,QP,
QPCBOEI2,166,143,0,166,4,143,0,1339,143,QLR2-MN-143-166,QP,
QPCSTAIR,356,467,0,356,209,467,0,4323,467,QLR2-MN-467-356,QP,
QPNBAND,25000,50000,0,25000,0,50000,0,100000,99999,QLR2-AN-V-V,QP,
QPNBLEND,74,83,0,74,43,83,0,574,83,QLR2-MN-83-74,QP,
QPNBOEI1,351,384,0,351,9,384,0,3869,384,QLR2-MN-384-351,QP,
QPNBOEI2,166,143,0,166,4,143,0,1339,143,QLR2-MN-143-166,QP,
QPNSTAIR,356,467,0,356,209,467,0,4323,467,QLR2-MN-467-356,QP,
QR3D,610,610,610,0,610,0,610,17010,8610,NQR2-AN-V-V,,
QR3DBD,610,457,610,0,610,0,457,10737,5397,NQR2-AN-V-V,,
QR3DLS,0,610,0,0,0,0,0,0,139140,SBR2-AN-V-V,BC,
QRTQUAD,0,5000,0,0,0,0,0,0,9999,OBR2-MN-V-0,BC,
QUARTC,0,5000,0,0,0,0,0,0,5000,OUR2-AN-V-0,UC,
QUDLIN,0,5000,0,0,0,0,0,0,5001,QBR2-AN-V-V,BCQP,
RAT42,9,3,9,0,9,0,3,30,6,NOR2-MN-3-9,,
RAT42LS,0,3,0,0,0,0,0,0,6,SUR2-MN-3-0,UC,
RAT43,15,4,15,0,15,0,4,64,10,NOR2-MN-4-15,,
RAT43LS,0,4,0,0,0,0,0,0,10,SUR2-MN-4-0,UC,
RAYBENDL,0,2050,0,0,0,0,0,0,7171,OXR2-MY-V-0,,
RAYBENDS,0,2050,0,0,0,0,0,0,15351,OXR2-MY-V-0,,
RDW2D51F,65025,132098,65025,0,65025,132098,132098,1302548,657410,QLR2-AN-V-V,QP,
RDW2D51U,65025,132098,65025,0,65025,132098,132098,1302548,657410,QLR2-AN-V-V,QP,
RDW2D52B,65025,132098,65025,0,65025,132098,132098,1302548,657410,QLR2-AN-V-V,QP,
RDW2D52F,65025,132098,65025,0,65025,132098,132098,1302548,657410,QLR2-AN-V-V,QP,
RDW2D52U,65025,132098,65025,0,65025,132098,132098,1302548,657410,QLR2-AN-V-V,QP,
READING1,2000,4002,2000,0,2000,4002,4002,12002,6003,OOR2-MN-V-V,,
READING2,4000,6003,0,4000,4000,0,0,22003,0,LLR2-MN-V-V,LP,
READING3,2001,4002,2000,1,2001,4002,4002,12004,6003,OOR2-MN-V-V,,
READING4,5000,5001,5000,0,0,5001,5001,15001,10001,OOR2-MN-V-V,,
READING5,5000,5001,5000,0,5000,5001,5001,15001,10001,OOR2-MN-V-V,,
READING6,50,102,50,0,50,100,102,1478,153,OOR2-MN-102-50,,
READING7,500,1002,500,0,500,1000,1002,127253,1503,OOR2-MN-1002-500,,
READING8,1000,2002,1000,0,1000,2000,2002,504503,3003,OOR2-MN-2002-1000,,
READING9,5000,10002,5000,0,5000,10002,10000,25002,15003,OOR2-MN-V-V,,
RECIPE,3,3,2,1,3,0,3,8,6,NOR2-AY-3-3,,
RECIPELS,0,3,0,0,0,0,0,0,6,SUR2-AY-3-0,UC,
REPEAT,200001,100000,0,200001,200001,0,0,500098,0,,,
RES,14,20,0,14,12,0,0,48,0,NLR2-MN-20-14,,
RK23,11,17,7,4,11,0,7,60,16,LOR2-RN-17-11,,
ROBOT,2,14,2,0,2,14,7,28,21,QOR2-MY-14-2,,
ROBOTARM,3202,4412,3202,0,3202,0,4011,20017,8422,OOR2-AN-V-V,,
ROCKET,2002,2407,2002,0,2002,0,2407,12812,8019,OOR2-AN-V-V,,
ROSENBR,0,2,0,0,0,0,0,0,3,SUR2-AN-2-0,UC,
ROSENBRTU,0,2,0,0,0,0,0,0,3,OUR2-AN-2-0,UC,
ROSENMMX,4,5,4,0,0,0,4,25,4,LQR2-AN-5-4,,
ROSEPETAL,2000,1000,2000,0,0,0,1000,2001000,1000,LQR2-AN-V-V,,
ROSEPETAL2,20001,10001,1,20000,1,0,10000,60002,10000,LQR2-AN-V-V,,
ROSZMAN1,25,4,25,0,25,0,2,104,3,NOR2-MN-4-25,,
ROSZMAN1LS,0,4,0,0,0,0,0,0,10,SUR2-MN-4-0,UC,
ROTDISC,1081,905,360,721,720,0,543,5227,905,LQR2-RN-905-1081,,
RSNBRNE,2,2,1,1,2,0,1,5,1,NOR2-AN-2-2,,
S268,5,5,0,5,0,5,0,30,15,QLR2-AN-5-5,QP,
S277-280,4,4,0,4,0,0,0,20,0,LLR2-AN-V-V,LP,
S308,0,2,0,0,0,0,0,0,3,SUR2-AN-2-0,UC,
S308NE,3,2,3,0,3,0,2,6,3,SUR2-AN-2-0,UC,
S316-322,1,2,1,0,1,2,2,4,2,QQR2-AN-2-1,,
S365,5,7,5,0,0,2,7,29,18,QOR2-AY-7-5,,
S365MOD,5,7,5,0,0,2,7,29,18,QOR2-AY-7-5,,
S368,0,8,0,0,0,0,0,0,36,OBR2-MN-V-0,BC,
SANTA,23,21,23,0,23,0,21,102,103,NOR2-AN-21-23,,
SANTALS,0,21,0,0,0,0,0,0,103,SBR2-AN-21-0,BC,
SARO,4015,4754,4015,0,4015,0,4015,52934,24090,LOR1-MN-4754-4015,,
SAROMM,5110,5120,4015,1095,4380,0,4015,55490,24090,LOR1-MN-5120-5110,,
SAWPATH,774,583,196,578,578,196,578,3868,578,QOR2-AN-583-774,,
SBRYBND,0,5000,0,0,0,0,0,0,34979,SUR2-AN-V-0,UC,
SBRYBNDNE,5000,5000,5000,0,5000,0,5000,39984,5000,NOR2-AN-V-V,,
SCHMVETT,0,5000,0,0,0,0,0,0,14997,OUR2-AY-V-0,UC,
SCOND1LS,0,5002,0,0,0,0,0,0,15003,SBR2-AN-V-V,BC,
SCOSINE,0,5000,0,0,0,0,0,0,9999,OUR2-AN-V-0,UC,
SCURLY10,0,10000,0,0,0,0,0,0,109945,OUR2-AN-V-0,UC,
SCURLY20,0,10000,0,0,0,0,0,0,209790,OUR2-AN-V-0,UC,
SCURLY30,0,10000,0,0,0,0,0,0,309535,OUR2-AN-V-0,UC,
SCW1,8,9,0,8,0,9,0,25,45,,,
SCW2,1001,2003,0,1001,0,2003,0,4005,2007006,,,
SEMICN2U,5000,5002,5000,0,5000,0,5000,20002,5000,NOR2-AN-V-V,,
SEMICON1,5000,5002,5000,0,5000,0,5000,20002,5000,NOR2-AN-V-V,,
SEMICON2,5000,5002,5000,0,5000,0,5000,20002,5000,NOR2-AN-V-V,,
SENSORS,0,100,0,0,0,0,0,0,5050,OUR2-AN-V-0,UC,
SIM2BQP,0,2,0,0,0,0,0,0,3,QBR2-AN-2-0,BCQP,
SIMBQP,0,2,0,0,0,0,0,0,3,QBR2-AN-2-0,BCQP,
SIMPLLPA,2,2,0,2,0,0,0,6,0,LLR2-AN-2-2,LP,
SIMPLLPB,3,2,0,3,0,0,0,8,0,LLR2-AN-2-3,LP,
SINEALI,0,1000,0,0,0,0,0,0,1999,OBR2-AN-V-0,BC,
SINEVAL,0,2,0,0,0,0,0,0,3,SUR2-AN-2-0,UC,
SINQUAD,0,5000,0,0,0,0,0,0,9999,OUR2-AY-V-0,UC,
SINROSNB,999,1000,999,0,0,1000,999,2998,1999,OQR2-AN-V-V,,
SINVALNE,2,2,1,1,2,0,1,5,1,NOR2-AN-2-2,,
SIPOW1,2000,2,0,2000,0,0,0,4002,0,LLR2-AN-2-V,LP,
SIPOW1M,2000,2,0,2000,0,0,0,4002,0,LLR2-AN-2-V,LP,
SIPOW2,2000,2,0,2000,0,0,0,3002,0,LLR2-AN-2-V,LP,
SIPOW2M,2000,2,0,2000,0,0,0,3002,0,LLR2-AN-2-V,LP,
SIPOW3,2000,4,0,2000,0,0,0,5996,0,LLR2-AN-4-V,LP,
SIPOW4,2000,4,0,2000,0,0,0,7004,0,LLR2-AN-4-V,LP,
SISSER,0,2,0,0,0,0,0,0,3,OUR2-AN-2-0,UC,
SMBANK,64,117,0,64,64,85,0,351,85,ONR2-MN-117-64,,
SMMPSF,263,720,11,252,240,0,240,2340,6920,LQR2-AY-720-263,,
SNAIL,0,2,0,0,0,0,0,0,3,OUR2-AN-2-0,UC,
SNAKE,2,2,2,0,0,0,1,6,1,LOR2-AN-2-2,,
SOSQP1,2501,5000,0,2501,2501,5000,0,15000,7500,QLR2-AN-V-V,QP,
SOSQP2,2501,5000,0,2501,2501,5000,0,15000,7500,QLR2-AN-V-V,QP,
SPANHYD,33,97,0,33,33,54,0,291,513,ONR2-RN-97-33,,
SPARSINE,0,5000,0,0,0,0,0,0,79554,OUR2-AN-V-0,UC,
SPARSQUR,0,10000,0,0,0,0,0,0,159494,OUR2-AN-V-0,UC,
SPECAN,0,9,0,0,0,0,0,0,18,SBR2-AN-V-0,BC,
SPECANNE,15000,9,15000,0,15000,0,9,45009,18,NOR2-AN-V-0,,
SPIN,1325,1327,1325,0,1325,0,1327,17652,8877,NOR2-AN-V-V,,
SPIN2,100,102,100,0,100,0,102,10302,5252,NOR2-AN-V-V,,
SPIN2LS,0,102,0,0,0,0,0,0,5253,SUR2-AN-V-0,UC,
SPIN2OP,100,102,100,0,100,1,102,10302,5252,QOR2-AN-V-V,,
SPINLS,0,1327,0,0,0,0,0,0,190228,SUR2-AN-V-0,UC,
SPINOP,1325,1327,1325,0,1325,1225,1327,17652,8877,QOR2-AN-V-V,,
SPIRAL,2,3,2,0,0,0,2,9,3,LOR2-AN-3-2,,
SPMSQRT,8329,4999,8329,0,8329,0,4999,29986,16659,NQR2-AN-V-V,,
SPMSRTLS,0,4999,0,0,0,0,0,0,21655,SUR2-AN-V-V,UC,
SREADIN3,2001,4002,2000,1,2001,4002,4002,12004,6003,OOR2-MN-V-V,,
SROSENBR,0,5000,0,0,0,0,0,0,7500,SUR2-AN-V-0,UC,
SROSENBRNE,5000,5000,2500,2500,5000,0,2500,12500,2500,NOR2-AN-V-V,,
SSBRYBND,0,5000,0,0,0,0,0,0,34979,SUR2-AN-V-0,UC,
SSBRYBNDNE,5000,5000,5000,0,5000,0,5000,39984,5000,NOR2-AN-V-V,,
SSC,0,5184,0,0,0,0,0,0,15408,OXR2-MY-V-0,,
SSCOSINE,0,5000,0,0,0,0,0,0,9999,OUR2-AN-V-0,UC,
SSEBLIN,72,194,0,72,48,0,0,506,0,LLR2-MN-194-72,LP,
SSEBNLN,96,194,24,72,72,0,48,554,72,LQR2-RN-194-96,,
SSI,0,3,0,0,0,0,0,0,5,SUR2-AN-3-0,UC,
SSINE,2,3,2,0,2,0,3,7,4,NOR2-AN-3-2,,
SSNLBEAM,2000,3003,1000,1000,2000,2002,1001,11003,2002,OOR2-MN-V-V,,
STANCMIN,2,3,0,2,0,3,0,9,6,OLI2-AY-3-2,,
STATIC3,96,434,0,96,96,290,0,930,1014,QLR2-RN-434-96,QP,
STCQP1,4095,8193,0,4095,4095,8193,0,36858,57333,QLR2-AN-V-V,QP,
STCQP2,4095,8193,0,4095,4095,8193,0,36858,57333,QLR2-AN-V-V,QP,
STEENBRA,108,432,0,108,108,432,0,1296,2808,QNR2-AY-432-108,,
STEENBRB,108,468,0,108,108,468,0,1332,3276,ONR2-AY-468-108,,
STEENBRC,126,540,0,126,126,540,0,1548,4320,ONR2-MY-540-126,,
STEENBRD,108,468,0,108,108,468,0,1332,3276,ONR2-MY-468-108,,
STEENBRE,126,540,0,126,126,540,0,1548,4320,ONR2-MY-540-126,,
STEENBRF,108,468,0,108,108,468,0,1332,3276,ONR2-MY-468-108,,
STEENBRG,126,540,0,126,126,540,0,1548,4320,ONR2-MY-540-126,,
STEERING,1600,2006,1600,0,1600,0,1204,10006,2407,LOR2-AN-V-V,,
STNQP1,4095,8193,0,4095,4095,8193,0,36858,57333,QLR2-AN-V-V,QP,
STNQP2,4095,8193,0,4095,4095,8193,0,36858,57333,QLR2-AN-V-V,QP,
STRATEC,0,10,0,0,0,0,0,0,55,OUR2-RN-10-0,UC,
STREG,0,4,0,0,0,0,0,0,5,SUR2-AN-4-0,UC,
STREGNE,2,4,1,1,2,3,1,7,3,NOR2-AN-4-2,,
STRTCHDV,0,10,0,0,0,0,0,0,19,SUR2-MN-V-0,UC,
STRTCHDVB,0,10,0,0,0,0,0,0,19,,,
STRTCHDVNE,9,10,9,0,9,0,10,28,19,NOR2-MN-V-V,,
SUPERSIM,2,2,0,2,2,0,0,6,0,LLR2-AN-2-2,LP,
SVANBERG,5000,5000,5000,0,0,5000,5000,50000,5000,OOR2-MN-V-V,,
SWOPF,92,83,49,43,78,0,70,447,126,LQR2-RN-83-92,,
SYNPOP24,7353,6968,0,7353,7353,0,0,86688,0,SLR2-RN-16080-16896,,
SYNTHES1,6,6,2,4,0,2,2,22,3,OOR2-AN-6-6,,
SYNTHES2,14,11,3,11,1,4,4,48,5,OOR2-AN-11-14,,
SYNTHES3,23,17,4,19,2,6,6,90,7,OOR2-AN-17-19,,
TABLE1,510,1584,0,510,510,1584,0,6336,1584,QLR2-RN-1584-510,QP,
TABLE3,2464,4992,0,2464,2464,4992,0,24960,4992,QLR2-RN-4992-2464,QP,
TABLE6,510,1584,0,510,510,1584,0,6336,1584,QLR2-RN-1584-510,QP,
TABLE7,230,624,0,230,230,624,0,2496,624,QLR2-RN-624-17,QP,
TABLE8,72,1271,0,72,72,1271,0,3813,1271,QLR2-RN-1271-72,QP,
TAME,1,2,0,1,1,2,0,4,3,QLR2-AN-2-1,QP,
TARGUS,63,162,0,63,63,162,0,522,162,QLR2-RN-162-63,QP,
TAX13322,1261,72,1260,1,0,72,72,5184,72,OOR2-MN-72-1261,,
TAX213322,570781,1512,570780,1,0,1512,1512,2286144,1512,OOR2-MN-1512-570781,,
TAX53322,32221,360,32220,1,0,360,360,129600,360,OOR2-MN-360-32221,,
TAXR13322,1261,72,1260,1,0,72,72,5184,72,OOR2-MN-72-1261,,
TAXR213322,570781,1512,570780,1,0,1512,1512,2286144,1512,OOR2-MN-1512-570781,,
TAXR53322,32221,360,32220,1,0,360,360,129600,360,OOR2-MN-360-32221,,
TENBARS1,9,18,8,1,8,0,18,82,56,LOR2-MY-18-9,,
TENBARS2,8,18,8,0,8,0,18,80,56,LOR2-MY-18-8,,
TENBARS3,8,18,8,0,8,0,18,80,56,LOR2-MY-18-8,,
TENBARS4,9,18,8,1,8,0,18,81,56,LOR2-MY-18-9,,
TESTQUAD,0,5000,0,0,0,0,0,0,5000,QUR2-AN-V-0,UC,
TFI1,101,3,101,0,0,3,2,306,4,QOR2-AN-3-V,,
TFI2,101,3,0,101,0,0,0,304,0,LLR2-AN-3-V,LP,
TFI3,101,3,0,101,0,3,0,304,3,OLR2-AN-3-V,,
THURBER,37,7,37,0,37,0,7,266,28,NOR2-MN-7-37,,
THURBERLS,0,7,0,0,0,0,0,0,28,SUR2-MN-7-0,UC,
TOINTGOR,0,50,0,0,0,0,0,0,165,OUR2-MN-50-0,UC,
TOINTGSS,0,5000,0,0,0,0,0,0,14997,OUR2-AY-V-0,UC,
TOINTPSP,0,50,0,0,0,0,0,0,165,OUR2-AN-50-0,UC,
TOINTQOR,0,50,0,0,0,0,0,0,165,QUR2-MN-50-0,UC,
TORSION1,0,5476,0,0,0,0,0,0,15984,QBR2-MY-V-0,BCQP,
TORSION2,0,5476,0,0,0,0,0,0,15984,QBR2-MY-V-0,BCQP,
TORSION3,0,5476,0,0,0,0,0,0,15984,QBR2-MY-V-0,BCQP,
TORSION4,0,5476,0,0,0,0,0,0,15984,QBR2-MY-V-0,BCQP,
TORSION5,0,5476,0,0,0,0,0,0,15984,QBR2-MY-V-0,BCQP,
TORSION6,0,5476,0,0,0,0,0,0,15984,QBR2-MY-V-0,BCQP,
TORSIONA,0,5476,0,0,0,0,0,0,16280,QBR2-MY-V-0,BCQP,
TORSIONB,0,5476,0,0,0,0,0,0,16280,QBR2-MY-V-0,BCQP,
TORSIONC,0,5476,0,0,0,0,0,0,16280,QBR2-MY-V-0,BCQP,
TORSIOND,0,5476,0,0,0,0,0,0,16280,QBR2-MY-V-0,BCQP,
TORSIONE,0,5476,0,0,0,0,0,0,16280,QBR2-MY-V-0,BCQP,
TORSIONF,0,5476,0,0,0,0,0,0,16280,QBR2-MY-V-0,BCQP,
TOYSARAH,1649,2890,0,1649,1649,2890,0,12580,2890,QLR2-RN-2890-1649,QP,
TQUARTIC,0,5000,0,0,0,0,0,0,9999,SUR2-AN-V-0,UC,
TQUARTICNE,5000,5000,4999,1,5000,0,5000,14999,5000,NOR2-AN-V-V,,
TRAINF,2002,4008,1001,1001,2002,2002,1002,14018,3002,QQR2-MN-V-V,,
TRAINH,2002,4008,1001,1001,2002,2000,3004,16020,4004,QOR2-MN-V-V,,
TRIDIA,0,5000,0,0,0,0,0,0,9999,QUR2-AN-V-0,UC,
TRIGGER,6,7,3,3,6,0,4,28,5,NOR2-MY-7-6,,
TRIGON1,0,10,0,0,0,0,0,0,55,SUR2-MN-V-0,UC,
TRIGON1B,0,10,0,0,0,0,0,0,55,,,
TRIGON1NE,10,10,10,0,10,0,10,110,10,NOR2-MN-V-V,,
TRIGON2,0,10,0,0,0,0,0,0,10,SUR2-MN-V-0,UC,
TRIGON2B,0,10,0,0,0,0,0,0,10,,,
TRIGON2NE,31,10,10,21,31,0,10,30,10,NOR2-MN-V-V,,
TRIMLOSS,75,142,4,71,20,0,20,1105,36,LOR2-AN-142-75,,
TRO11X3,61,150,60,1,60,0,150,991,399,LOR2-RN-150-61,,
TRO21X5,201,540,200,1,200,0,540,3825,1519,LOR2-RN-540-201,,
TRO3X3,13,30,12,1,12,0,30,159,71,LOR2-RN-30-13,,
TRO41X9,721,2040,720,1,720,0,2040,15013,5919,LOR2-RN-2040-721,,
TRO4X4,25,63,24,1,24,0,63,378,161,LOR2-RN-63-25,,
TRO5X5,41,108,40,1,40,0,108,689,287,LOR2-RN-108-41,,
TRO6X2,21,45,20,1,20,0,45,264,109,LOR2-RN-45-21,,
TRUSPYR1,4,11,3,1,3,0,11,47,35,LQR2-MN-11-4,,
TRUSPYR2,11,11,3,8,3,0,11,64,35,LQR2-MN-11-11,,
TRY-B,1,2,1,0,1,1,2,4,2,QQR2-AN-2-1,,
TWIRIBG1,1239,3127,942,297,922,0,3126,144337,199062,LOI2-RN-3127-1239,,
TWIRIMD1,712,1247,564,148,521,0,1246,37664,42197,LOI2-RN-1247-544,,
TWIRISM1,313,343,258,55,224,0,342,5819,4080,LOI2-RN-343-313,,
TWO5IN6,9629,5681,0,9629,9629,5681,0,39991,5681,QLR2-RN-5681-9629,QP,
TWOBARS,2,2,2,0,0,2,2,6,3,OOR2-MN-2-2,,
TWOD,67080,70521,0,67080,67080,3202,0,699201,3202,QLR2-AN-V-V,QP,
UBH1,6000,9009,0,6000,6000,3003,0,33009,3003,QLR2-MN-V-V,QP,
UBH5,3500,5010,500,3000,3500,0,1503,21010,1503,LQR2-MN-V-V,,
VANDANIUMS,10,22,10,0,10,0,22,242,22,NOR2-MN-V-10,,
VANDANMSLS,0,22,0,0,0,0,0,0,253,SUR2-MN-V-0,UC,
VANDERM1,199,100,100,99,100,0,100,10298,5050,NOR2-AN-V-V,,
VANDERM2,199,100,100,99,100,0,100,10298,5050,NOR2-AN-V-V,,
VANDERM3,199,100,100,99,100,0,100,10298,5050,NOR2-AN-V-V,,
VANDERM4,199,100,100,99,100,0,100,10298,5050,NOR2-AN-V-V,,
VARDIM,0,200,0,0,0,0,0,0,20100,OUR2-AN-V-0,UC,
VARDIMNE,12,10,1,11,12,0,10,40,55,NOR2-AN-V-V,,
VAREIGVL,0,5000,0,0,0,0,0,0,12502500,OUR2-AN-V-0,UC,
VESUVIA,1025,8,1025,0,1025,0,6,8208,12,NOR2-MN-8-1025,,
VESUVIALS,0,8,0,0,0,0,0,0,36,SUR2-MN-8-0,UC,
VESUVIO,1025,8,1025,0,1025,0,6,8208,12,NOR2-MN-8-1025,,
VESUVIOLS,0,8,0,0,0,0,0,0,36,SUR2-MN-8-0,UC,
VESUVIOU,1025,8,1025,0,1025,0,6,8208,12,NOR2-MN-8-1025,,
VESUVIOULS,0,8,0,0,0,0,0,0,36,SUR2-MN-8-0,UC,
VIBRBEAM,0,8,0,0,0,0,0,0,36,SUR2-MN-8-0,UC,
VIBRBEAMNE,30,8,30,0,30,0,8,248,30,NOR2-MN-8-30,,
WACHBIEG,2,3,1,1,2,0,1,7,1,LQR2-AN-3-2,,
WALL10,0,1461,0,0,0,0,0,0,13263,QBR2-RN-1461-0,BCQP,
WALL100,0,149624,0,0,0,0,0,0,1446475,QBR2-RN-149624-0,BCQP,
WALL20,0,5924,0,0,0,0,0,0,55715,QBR2-RN-5924-0,BCQP,
WALL50,0,37311,0,0,0,0,0,0,358243,QBR2-RN-37311-0,BCQP,
WATER,10,31,0,10,10,8,0,93,8,ONR2-MN-31-10,,
WATSON,0,12,0,0,0,0,0,0,78,SUR2-AN-V-0,UC,
WATSONNE,31,12,30,1,31,0,12,363,78,NOR2-AN-V-31,,
WAYSEA1,0,2,0,0,0,0,0,0,3,SUR2-MN-2-0,UC,
WAYSEA1B,0,2,0,0,0,0,0,0,3,,,
WAYSEA1NE,2,2,1,1,2,0,2,6,2,NOR2-MN-2-2,,
WAYSEA2,0,2,0,0,0,0,0,0,3,SUR2-MN-2-0,UC,
WAYSEA2B,0,2,0,0,0,0,0,0,3,,,
WAYSEA2NE,2,2,1,1,2,0,2,5,2,NOR2-MN-2-2,,
WEEDS,0,3,0,0,0,0,0,0,6,SBR2-RN-3-0,BC,
WEEDSNE,12,3,12,0,12,0,3,39,6,NOR2-RN-3-0,,
WOMFLET,3,3,3,0,0,0,2,12,2,LOR2-AN-3-3,,
WOODS,0,4000,0,0,0,0,0,0,7000,SUR2-AN-V-0,UC,
WOODSNE,3001,4000,2000,1001,3001,0,2000,9000,2000,NOR2-AN-V-V,,
YAO,2000,2002,0,2000,0,2002,0,8002,2002,QLR2-AN-V-V,QP,
YATP1CLS,0,123200,0,0,0,0,0,0,43243200,SUR2-AN-V-V,UC,
YATP1CNE,123200,123200,123200,0,123200,0,123200,735700,490700,NOR2-AN-V-V,,
YATP1LS,0,123200,0,0,0,0,0,0,43121050,SUR2-AN-V-V,UC,
YATP1NE,123200,123200,123200,0,123200,0,123200,735700,368550,NOR2-AN-V-V,,
YATP2CLS,0,123200,0,0,0,0,0,0,85812475,SUR2-AN-V-V,UC,
YATP2CNE,123200,123200,123200,0,123200,0,123200,857850,490700,NOR2-AN-V-V,,
YATP2LS,0,123200,0,0,0,0,0,0,85995700,SUR2-AN-V-V,UC,
YATP2SQ,123200,123200,123200,0,123200,0,123200,980000,368550,NOR2-AN-V-V,,
YFIT,0,3,0,0,0,0,0,0,6,SBR2-MN-3-0,BC,
YFITNE,17,3,17,0,17,0,3,54,6,NOR2-MN-3-16,,
YFITU,0,3,0,0,0,0,0,0,6,SUR2-MN-3-0,UC,
YORKNET,256,312,120,136,256,15,224,1092,376,SOR2-AY-312-256,,
ZAMB2,1440,3966,1440,0,1440,2884,1440,11166,6124,OOR2-MN-V-V,,
ZAMB2-10,96,270,96,0,96,196,96,750,412,OOR2-RN-270-96,,
ZAMB2-11,96,270,96,0,96,196,96,750,412,OOR2-RN-270-96,,
ZAMB2-8,48,138,48,0,48,100,48,378,208,OOR2-RN-138-48,,
ZAMB2-9,48,138,48,0,48,100,48,378,208,OOR2-RN-138-48,,
ZANGWIL2,0,2,0,0,0,0,0,0,3,QUR2-AN-2-0,UC,
ZANGWIL3,3,3,0,3,3,0,0,12,0,NLR2-AN-3-3,,
ZECEVIC2,2,2,0,2,0,1,0,6,1,QLR2-AN-2-2,QP,
ZECEVIC3,2,2,2,0,0,2,2,6,3,QQR2-AN-2-2,,
ZECEVIC4,2,2,1,1,0,2,2,6,3,QQR2-AN-2-2,,
ZIGZAG,2500,3004,500,2000,2000,500,500,10004,500,SOR2-AN-V-V,,
ZY2,2,3,2,0,0,1,3,9,3,OQR2-AN-3-2,,