problem,n,m,success,objective,infeasibility,evaluations,time,exit_code,message
3PK,30,0,True,1.8185351974539605,0.0,113,0.0197756290435791,3,Function tolerance reached
A4X12,115,385,False,0.0,1.0,154,30.0646493434906,6,Infeasible solution
ACOPP118,344,608,False,53.50584845921657,83.93898810473672,56,31.789246559143066,6,Infeasible solution
ACOPP14,38,68,False,nan,nan,nan,nan,,Optimization error: 
ACOPP30,72,142,False,0.0,3.4868051145035186,96,2.153261423110962,4,Infeasible solution
ACOPP57,128,274,False,nan,nan,nan,nan,,Optimization error: 
ACOPR118,344,726,False,0.022461460206829292,13.448560618231005,31,31.42930793762207,6,Infeasible solution
ACOPR14,38,82,False,nan,nan,nan,nan,,Optimization error: 
ACOPR30,72,172,False,0.0,0.6707690586860677,41,1.491504192352295,3,Infeasible solution
ACOPR57,128,331,False,3.748044787559517e-07,7.443754837355692,69,7.685696363449097,4,Infeasible solution
AGG,163,488,False,nan,nan,nan,nan,,Optimization error: 
AIRCRFTA,5,5,False,0.0,2.8394033246441057,3,0.0001800060272216797,3,Infeasible solution
AIRCRFTB,5,0,True,1.5457944269609829e-12,0.0,38,0.0006856918334960938,3,Function tolerance reached
AIRPORT,84,42,False,0.0,259.290464076487,3,0.03987932205200195,3,Infeasible solution
AKIVA,2,0,True,6.166044063592892,0.0,18,0.00029921531677246094,3,Function tolerance reached
ALLINIT,3,0,False,nan,nan,nan,nan,,Optimization error: 
ALLINITA,3,4,False,nan,nan,nan,nan,,Optimization error: 
ALLINITC,3,1,False,nan,nan,nan,nan,,Optimization error: 
ALLINITU,4,0,True,5.744385659548362,0.0,16,0.00021266937255859375,3,Function tolerance reached
ALSOTAME,2,1,False,nan,nan,nan,nan,,Optimization error: 
ANTWERP,27,10,False,nan,nan,nan,nan,,Optimization error: 
ARGAUSS,3,15,True,0.0,0.00504692121276495,51,0.00841379165649414,3,Function tolerance reached
ARGLALE,200,400,False,0.0,14.142135623730962,70,22.514680862426758,3,Infeasible solution
ARGLBLE,200,400,False,0.0,11.52535249027047,15,2.00213360786438,3,Infeasible solution
ARGLCLE,200,399,False,-1.0,11.53980438931141,15,1.9778974056243896,3,Infeasible solution
ARGLINA,200,0,True,199.99999999999903,0.0,13,0.14514422416687012,3,Function tolerance reached
ARGLINB,200,0,True,8651224509960400.0,0.0,26,0.14380717277526855,4,Parameter tolerance reached
ARGLINC,200,0,True,8352671057963401.0,0.0,26,0.14284133911132812,4,Parameter tolerance reached
ARGTRIG,200,200,False,0.0,8.083763796517804,8,1.988584041595459,3,Infeasible solution
ARGTRIGLS,200,0,True,0.07495440951933997,0.0,501,2.8902058601379395,3,Function tolerance reached
ARWHDNE,500,998,False,0.0,31.705277204646773,13,31.770782709121704,6,Infeasible solution
AVGASA,8,10,False,-7.60000163452178,2.7377017447741405,99,0.03818917274475098,3,Infeasible solution
AVGASB,8,10,False,-6.906251041990486,2.766994276911119,99,0.03879737854003906,3,Infeasible solution
AVION2,49,15,False,nan,nan,nan,nan,,Optimization error: 
BA-L1,57,12,False,0.0,356.91422512075565,1001,2.0980191230773926,5,Infeasible solution
BA-L1LS,57,0,True,2947.2459387340564,0.0,47,0.020774126052856445,3,Function tolerance reached
BA-L1SP,57,12,False,0.0,291.8603882936323,13,0.044667720794677734,3,Infeasible solution
BA-L1SPLS,57,0,True,3.3644494650271236e-09,0.0,391,0.24508118629455566,3,Function tolerance reached
BARD,3,0,True,0.008214877724465788,0.0,26,0.0003178119659423828,3,Function tolerance reached
BARDNE,3,15,False,0.0,2.0900914072935555,17,0.003097057342529297,3,Infeasible solution
BATCH,48,73,False,nan,nan,nan,nan,,Optimization error: 
BEALE,2,0,True,1.6333676501678575e-09,0.0,19,0.000171661376953125,3,Function tolerance reached
BEALENE,2,3,False,0.0,1.124227585872312,81,0.0027310848236083984,3,Infeasible solution
BENNETT5,3,154,False,0.0,1.191429435588678,35,0.046097517013549805,3,Infeasible solution
BENNETT5LS,3,0,True,5.351333613767406,0.0,22,0.0010006427764892578,3,Function tolerance reached
BIGGS3,3,0,True,2.717671187610229e-07,0.0,19,0.00029540061950683594,3,Function tolerance reached
BIGGS5,5,0,True,0.005655658669465477,0.0,63,0.001523733139038086,3,Function tolerance reached
BIGGS6,6,0,True,0.005655654627733144,0.0,52,0.001402139663696289,3,Function tolerance reached
BIGGS6NE,6,13,False,0.0,1.4377744497342533,61,0.016696691513061523,3,Infeasible solution
BIGGSC4,4,7,False,-50.0,7.0,8,0.0015950202941894531,3,Infeasible solution
BLEACHNG,9,0,True,41877.85797245598,0.0,15,36.373170375823975,4,Parameter tolerance reached
BOOTH,2,2,False,0.0,3.000000000051331,13,0.00038552284240722656,3,Infeasible solution
BOX2,2,0,True,9.185095418087093e-07,0.0,12,0.00011944770812988281,3,Function tolerance reached
BOX3,3,0,True,1.6468400868826301e-06,0.0,14,0.00018143653869628906,3,Function tolerance reached
BOX3NE,3,10,False,0.0,0.24665496782662408,62,0.0074727535247802734,3,Infeasible solution
BOXBOD,2,6,False,0.0,79.34874689507366,87,0.00433349609375,3,Infeasible solution
BOXBODLS,2,0,True,9771.5,0.0,19,0.00014734268188476562,3,Function tolerance reached
BQP1VAR,1,0,True,2.2204460492503136e-16,0.0,3,3.719329833984375e-05,3,Function tolerance reached
BQPGABIM,46,0,True,-3.7903422361269676e-05,0.0,170,0.03047800064086914,3,Function tolerance reached
BQPGASIM,50,0,True,-5.518955228698985e-05,0.0,163,0.031177520751953125,3,Function tolerance reached
BRANIN,2,0,True,0.3978873684210957,0.0,11,0.00012063980102539062,3,Function tolerance reached
BRITGAS,450,360,False,0.0,12.002427928378138,21,14.655186414718628,3,Infeasible solution
BRKMCC,2,0,True,0.1690426802216814,0.0,10,8.392333984375e-05,3,Function tolerance reached
BROWNAL,200,0,True,1.679733656943898,0.0,91,1.2618815898895264,3,Function tolerance reached
BROWNALE,200,200,False,0.0,1346.8397269161417,79,8.17264461517334,3,Infeasible solution
BROWNBS,2,0,True,7.259541545898957,0.0,34,0.00026798248291015625,3,Function tolerance reached
BROWNBSNE,2,3,False,0.0,999998.5857871085,74,0.002287626266479492,3,Infeasible solution
BROWNDEN,4,0,True,85822.25383367183,0.0,44,0.00054931640625,3,Function tolerance reached
BROWNDENE,4,20,False,0.0,3738.6871511084883,85,0.025544404983520508,3,Infeasible solution
BT1,2,1,True,-1.0000009344733627,9.391692090687778e-09,64,0.0007622241973876953,4,Parameter tolerance reached
BT10,2,2,False,-107.7349915883038,1238854.732978546,523,0.011463165283203125,3,Infeasible solution
BT11,5,3,False,0.5785597217636474,1.1089646068608625,129,0.0068340301513671875,3,Infeasible solution
BT12,5,3,False,0.04000007508634725,249.55901095059747,117,0.007002592086791992,4,Infeasible solution
BT13,5,1,True,0.0,6.404835796025633e-07,204,0.00769805908203125,3,Function tolerance reached
BT2,3,1,True,0.032568197975433255,2.254034399129523e-07,150,0.0029070377349853516,3,Function tolerance reached
BT3,5,3,False,1.1456457790062813e-21,3.9999999998836424,27,0.0013797283172607422,4,Infeasible solution
BT4,3,2,False,nan,nan,nan,nan,,Optimization error: 
BT5,3,2,False,976.0,13.152946437965905,1001,0.029915332794189453,5,Infeasible solution
BT6,5,2,False,0.25705274722037286,1.0703982713613496,139,0.005297422409057617,3,Infeasible solution
BT7,5,3,False,0.2499997649803078,1.9253649734810951,89,0.004644155502319336,3,Infeasible solution
BT8,5,2,False,1.0000000000059097,0.20710678118223097,39,0.0015330314636230469,3,Infeasible solution
BT9,4,2,False,nan,nan,nan,nan,,Optimization error: 
BURKEHAN,1,1,False,nan,nan,nan,nan,,Optimization error: 
BYRDSPHR,3,2,False,-6.196152216932303,4.464092421660706,53,0.001729726791381836,3,Infeasible solution
C-RELOAD,342,284,False,-1.41,131.12471275098886,22,6.539745569229126,3,Infeasible solution
CAMEL6,2,0,True,-1.0316279351473727,0.0,24,0.00020885467529296875,3,Function tolerance reached
CANTILVR,5,1,True,1.340032512897785,0.0,123,0.006994009017944336,3,Function tolerance reached
CB2,3,3,False,1.5264073883752897e-05,307.03623273822876,45,0.0032889842987060547,4,Infeasible solution
CB3,3,3,False,1.5264073883752897e-05,3951.166463481759,45,0.003175020217895508,4,Infeasible solution
CERI651A,7,61,False,0.0,106.00958989432908,22,0.010943412780761719,3,Infeasible solution
CERI651ALS,7,0,True,10321.776368394598,0.0,23,0.0019562244415283203,4,Parameter tolerance reached
CERI651B,7,66,False,0.0,21.189112962774495,11,0.008891582489013672,3,Infeasible solution
CERI651BLS,7,0,True,150.99994099281142,0.0,23,0.0016887187957763672,4,Parameter tolerance reached
CERI651C,7,56,False,0.0,10.917559763108185,11,0.007395267486572266,3,Infeasible solution
CERI651CLS,7,0,True,119.88492352984673,0.0,23,0.001094818115234375,4,Parameter tolerance reached
CERI651D,7,67,False,0.0,5.543267634181593,10,0.009592056274414062,3,Infeasible solution
CERI651DLS,7,0,True,14.042895533399742,0.0,37,0.0034062862396240234,3,Function tolerance reached
CERI651E,7,64,False,0.0,6.093789070080613,10,0.009459495544433594,3,Infeasible solution
CERI651ELS,7,0,True,37.13426523063394,0.0,24,0.0010056495666503906,4,Parameter tolerance reached
CHACONN1,3,3,False,-2.161189225682068e-15,437811.44164166943,102,0.0056307315826416016,4,Infeasible solution
CHACONN2,3,3,False,1.1528273210049116e-13,88274.89404986663,109,0.006437063217163086,4,Infeasible solution
CHANDHEQ,100,100,False,0.0,2.6271863226712346,43,1.7232387065887451,3,Infeasible solution
CHANDHEU,500,500,False,0.0,5.890025217655672,16,32.7186176776886,6,Infeasible solution
CHEBYQAD,100,0,True,0.011637813919370651,0.0,18,0.4801163673400879,3,Function tolerance reached
CHEBYQADNE,100,100,False,0.0,0.13033927716168164,33,2.78731632232666,3,Infeasible solution
CHNROSNB,50,0,True,4.111434437057728e-07,0.0,435,0.10514307022094727,3,Function tolerance reached
CHNRSBNE,50,98,False,0.0,87.36040292947371,70,0.8675036430358887,3,Infeasible solution
CHNRSNBM,50,0,True,0.004251649481367499,0.0,408,0.09340333938598633,3,Function tolerance reached
CHNRSNBMNE,50,98,False,0.0,92.89507160628393,70,0.8450953960418701,3,Infeasible solution
CHWIRUT1,3,214,False,0.0,54.3867994620381,43,0.06660699844360352,3,Infeasible solution
CHWIRUT1LS,3,0,True,50068.64891449799,0.0,25,0.0006823539733886719,4,Parameter tolerance reached
CHWIRUT2,3,54,False,0.0,30.26713883554454,38,0.015254020690917969,3,Infeasible solution
CHWIRUT2LS,3,0,True,14794.790154797307,0.0,24,0.0004177093505859375,4,Parameter tolerance reached
CLEUVEN7,360,946,False,nan,nan,nan,nan,,Optimization error: 
CLIFF,2,0,True,18931368.56056433,0.0,22,0.0001480579376220703,3,Function tolerance reached
CLUSTER,2,2,True,0.0,0.012625924633437305,23,0.0005657672882080078,3,Function tolerance reached
CLUSTERLS,2,0,True,4.022639647002077e-13,0.0,22,0.0002124309539794922,3,Function tolerance reached
COATING,134,0,True,6.323018910229642,0.0,501,0.8026154041290283,3,Function tolerance reached
COATINGNE,134,252,False,0.0,122.01226559592222,43,4.807204723358154,3,Infeasible solution
CONCON,15,11,False,nan,nan,nan,nan,,Optimization error: 
CONGIGMZ,3,5,False,-172401945368.8035,9.494756114305112e+20,22,0.0030193328857421875,3,Infeasible solution
COOLHANS,9,9,False,0.0,950.2265262662372,3,0.0004334449768066406,3,Infeasible solution
COOLHANSLS,9,0,True,83471.5184154846,0.0,20,0.000225067138671875,3,Function tolerance reached
CORE1,65,59,False,nan,nan,nan,nan,,Optimization error: 
CORE2,157,134,False,nan,nan,nan,nan,,Optimization error: 
CRESC100,6,200,False,5.0228328200104165e-09,16659.55204257122,5,0.03412890434265137,3,Infeasible solution
CRESC4,6,8,False,5.0228328200104165e-09,3312.0131134371204,5,0.0013480186462402344,3,Infeasible solution
CRESC50,6,100,False,5.0228328200104165e-09,11802.325664125452,5,0.016295909881591797,3,Infeasible solution
CSFI1,5,4,False,nan,nan,nan,nan,,Optimization error: 
CSFI2,5,4,False,nan,nan,nan,nan,,Optimization error: 
CUBE,2,0,True,4.463703341121712e-14,0.0,32,0.0002665519714355469,3,Function tolerance reached
CUBENE,2,2,False,0.0,0.19410970568078786,37,0.0008611679077148438,3,Infeasible solution
DALLASM,196,151,False,-152793.44556362892,631.7138650246496,205,15.744592189788818,3,Infeasible solution
DALLASS,46,31,False,-100986.64405136074,414.6307042326596,131,0.3919034004211426,3,Infeasible solution
DANIWOOD,2,6,False,0.0,0.7874176629855316,24,0.0016598701477050781,3,Infeasible solution
DANIWOODLS,2,0,True,0.004317421588080111,0.0,25,0.0001995563507080078,3,Function tolerance reached
DANWOOD,2,6,False,0.0,0.9799840326785831,27,0.0016987323760986328,3,Infeasible solution
DANWOODLS,2,0,True,0.0043173084812211954,0.0,25,0.0002715587615966797,3,Function tolerance reached
DECONVB,51,0,True,0.002715438896850213,0.0,161,0.07419657707214355,3,Function tolerance reached
DECONVBNE,51,40,False,0.0,10.504733923790154,31,0.18158793449401855,3,Infeasible solution
DECONVC,51,1,True,0.0035088334016832876,1.620357438503195e-07,165,0.09792423248291016,3,Function tolerance reached
DECONVNE,51,40,False,0.0,10.504733923794213,31,0.18280029296875,3,Infeasible solution
DECONVU,51,0,True,4.977649538555245e-07,0.0,170,0.06529808044433594,3,Function tolerance reached
DEGENLPA,20,15,False,0.0,229.463743667636,31,0.02010822296142578,3,Infeasible solution
DEGENLPB,20,15,False,-533.369,469.9237675273798,18,0.006093502044677734,3,Infeasible solution
DEMBO7,16,20,False,154.8267664596148,0.1612372773946762,22,0.04795646667480469,3,Infeasible solution
DEMYMALO,3,3,False,-4.000000978607461,2.8284285087234617,130,0.009264230728149414,3,Infeasible solution
DENSCHNA,2,0,True,2.4770736747239284e-21,0.0,22,0.0001804828643798828,3,Function tolerance reached
DENSCHNB,2,0,True,2.565063958077236e-12,0.0,12,0.00010991096496582031,3,Function tolerance reached
DENSCHNBNE,2,3,False,0.0,1.414213562373095,103,0.002477407455444336,3,Infeasible solution
DENSCHNC,2,0,True,2.3062568830367121e-10,0.0,23,0.0001876354217529297,3,Function tolerance reached
DENSCHNCNE,2,2,False,0.0,0.8678335406163558,26,0.000705718994140625,3,Infeasible solution
DENSCHND,3,0,True,6.3670429627432146e-15,0.0,120,0.0015215873718261719,3,Function tolerance reached
DENSCHNDNE,3,3,False,0.0,9121.951545584969,3,0.00010132789611816406,3,Infeasible solution
DENSCHNE,3,0,True,0.9993200210138254,0.0,16,0.0001819133758544922,3,Function tolerance reached
DENSCHNENE,3,3,False,0.0,12.16552506059646,71,0.0027284622192382812,3,Infeasible solution
DENSCHNF,2,0,True,7.932530998736096e-12,0.0,17,0.00015234947204589844,3,Function tolerance reached
DENSCHNFNE,2,2,False,0.0,5.641488913608192,16,0.00044846534729003906,3,Infeasible solution
DEVGLA1,4,0,True,4.808799700487494e-06,0.0,68,0.0018911361694335938,3,Function tolerance reached
DEVGLA1B,4,0,True,1.1873872615867034e-06,0.0,57,0.0012309551239013672,3,Function tolerance reached
DEVGLA1NE,4,24,False,0.0,188.77970868334046,29,0.009320974349975586,3,Infeasible solution
DEVGLA2,5,0,True,10940.086364348588,0.0,65,0.0018057823181152344,4,Parameter tolerance reached
DEVGLA2B,5,0,False,nan,nan,nan,nan,,Optimization error: 
DEVGLA2NE,5,16,False,0.0,80.87807581574779,31,0.009696006774902344,3,Infeasible solution
DGOSPEC,3,0,True,-996.9591632113921,0.0,9,0.00015115737915039062,3,Function tolerance reached
DIAMON2DLS,66,0,True,13115.023850222722,0.0,25,1.0961544513702393,3,Function tolerance reached
DIAMON3DLS,99,0,True,12608.94587865197,0.0,26,2.045057773590088,3,Function tolerance reached
DIPIGRI,7,4,False,145.28344520437125,15066.802321262494,283,0.03483986854553223,3,Infeasible solution
DISC2,29,23,False,0.0,103.4842983258813,4,0.007712602615356445,3,Infeasible solution
DISCS,33,66,False,12.00000000000003,29.85762579384509,110,0.8782811164855957,3,Infeasible solution
DIXCHLNG,10,5,True,2.6215106795420834e-06,0.0003107352353654684,299,0.03471040725708008,4,Parameter tolerance reached
DJTL,2,0,True,-3927.325440163822,0.0,228,0.0014417171478271484,3,Function tolerance reached
DMN15102LS,66,0,True,13115.023850222722,0.0,25,1.0909044742584229,3,Function tolerance reached
DMN15103LS,99,0,True,12608.94587865197,0.0,26,2.0329220294952393,3,Function tolerance reached
DMN15332LS,66,0,True,1773.7368307861473,0.0,81,6.640847444534302,3,Function tolerance reached
DMN15333LS,99,0,True,1796.7140136537823,0.0,46,5.263191223144531,3,Function tolerance reached
DMN37142LS,66,0,True,341.26967336277727,0.0,135,12.482314825057983,3,Function tolerance reached
DMN37143LS,99,0,True,366.7579099947234,0.0,74,9.681215286254883,3,Function tolerance reached
DNIEPER,57,24,False,-1677.155926375637,97.46843367397133,167,0.34636545181274414,3,Infeasible solution
DUAL1,85,1,True,0.03503355614939541,6.141980914613026e-08,465,1.381073236465454,3,Function tolerance reached
DUAL2,96,1,True,0.03376539321505387,3.7565015065590956e-08,492,1.8497490882873535,3,Function tolerance reached
DUAL3,111,1,True,0.13620489521714652,7.709754829734582e-07,493,2.72698974609375,3,Function tolerance reached
DUAL4,75,1,True,0.7476292977866354,4.361291586856258e-07,524,1.1325695514678955,3,Function tolerance reached
DUALC1,9,215,False,0.0,1.0,3,0.017217636108398438,3,Infeasible solution
DUALC2,7,229,False,0.0,1.0,3,0.014911413192749023,3,Infeasible solution
DUALC5,8,278,False,0.0,1.0,3,0.020205974578857422,3,Infeasible solution
DUALC8,8,503,False,0.0,1.0,3,0.03950619697570801,3,Infeasible solution
ECKERLE4,3,35,False,0.0,0.8364784379862741,45,0.017303466796875,3,Infeasible solution
ECKERLE4LS,3,0,True,0.6996960938590315,0.0,6,0.00013518333435058594,3,Function tolerance reached
EG1,3,0,False,nan,nan,nan,nan,,Optimization error: 
EGGCRATE,2,0,True,9.488197371959487,0.0,15,0.00011229515075683594,3,Function tolerance reached
EGGCRATEB,2,0,True,9.48819735955841,0.0,15,0.00012373924255371094,3,Function tolerance reached
EGGCRATENE,2,4,False,0.0,5.345225896354256,33,0.0015666484832763672,3,Infeasible solution
EIGMAXA,101,101,False,-1.0,56.44014617273772,8,0.201063871383667,3,Infeasible solution
EIGMAXB,101,101,False,-1.0,0.9899494936611669,3,0.043823957443237305,3,Infeasible solution
EIGMAXC,202,202,False,-1.0,57.860063776766985,19,1.1387739181518555,3,Infeasible solution
EIGMINA,101,101,False,-1.0,58.1677754431094,26,0.5583410263061523,3,Infeasible solution
EIGMINB,101,101,False,-1.0,1.5924068116305932,256,2.9020519256591797,3,Infeasible solution
EIGMINC,202,202,False,-1.0,65.9241615921497,37,2.8619070053100586,3,Infeasible solution
ELATTAR,7,102,False,nan,nan,nan,nan,,Optimization error: 
ELATVIDU,2,0,True,54.75113321802661,0.0,28,0.00020503997802734375,3,Function tolerance reached
ELATVIDUB,2,0,True,26.975431677825153,0.0,48,0.0003516674041748047,3,Function tolerance reached
ELATVIDUNE,2,3,False,0.0,10.357986610650652,24,0.0011186599731445312,3,Infeasible solution
ENGVAL2,3,0,True,2.763980276350997e-13,0.0,41,0.00042057037353515625,3,Function tolerance reached
ENGVAL2NE,3,5,False,0.0,21.051930091032855,14,0.0008945465087890625,3,Infeasible solution
ENSO,9,168,False,0.0,34.26756933584857,38,0.19065427780151367,3,Infeasible solution
ENSOLS,9,0,True,788.5409471313973,0.0,53,0.015564680099487305,3,Function tolerance reached
EQC,7,3,False,nan,nan,nan,nan,,Optimization error: 
ERRINBAR,18,9,False,nan,nan,nan,nan,,Optimization error: 
ERRINROS,50,0,True,40.022424336629015,0.0,386,0.08226561546325684,3,Function tolerance reached
ERRINROSNE,50,98,False,0.0,331.930378242185,70,0.839789628982544,3,Infeasible solution
ERRINRSM,50,0,True,38.231055521537584,0.0,501,0.11905431747436523,3,Function tolerance reached
ERRINRSMNE,50,98,False,0.0,390.9847470240485,70,0.84879469871521,3,Infeasible solution
EXP2,2,0,True,3.1155722696363435e-09,0.0,13,0.000263214111328125,3,Function tolerance reached
EXP2B,2,0,True,1.1297805011608658e-10,0.0,13,0.0002548694610595703,3,Function tolerance reached
EXP2NE,2,10,False,0.0,1.9485575265542776,59,0.005769014358520508,3,Infeasible solution
EXPFIT,2,0,True,0.24051060380649747,0.0,23,0.00021219253540039062,3,Function tolerance reached
EXPFITA,5,22,False,0.00044913061601304386,1.0381919433042994,59,0.041365623474121094,3,Infeasible solution
EXPFITB,5,102,False,0.61553883413644,123.31554268464035,70,0.2070167064666748,3,Infeasible solution
EXPFITC,5,502,False,14.110322738021887,5379.022644667781,69,1.0303103923797607,3,Infeasible solution
EXPFITNE,2,10,False,0.0,4.209214845685932,14,0.0013298988342285156,3,Infeasible solution
EXTRASIM,2,1,True,1.0,8.881784197001252e-16,7,0.00012993812561035156,3,Function tolerance reached
FBRAIN2LS,4,0,True,0.36839092545073543,0.0,29,0.04520583152770996,3,Function tolerance reached
FBRAIN3LS,6,0,True,0.27170500191420033,0.0,100,0.3019435405731201,3,Function tolerance reached
FBRAINLS,2,0,True,0.4166033690468751,0.0,14,0.0062940120697021484,3,Function tolerance reached
FCCU,19,8,False,2.903999734584686,5.4721476429192295,65,0.023101091384887695,3,Infeasible solution
FEEDLOC,87,259,False,nan,nan,nan,nan,,Optimization error: 
FLETCHER,4,4,False,1.000096874105113e-48,3.0,5,0.0006639957427978516,3,Infeasible solution
FLT,2,2,True,1.9721522630525295e-31,3.146832755564423e-07,57,0.0015597343444824219,4,Parameter tolerance reached
FREURONE,2,2,False,0.0,13.7953083952205,66,0.002277851104736328,3,Infeasible solution
GAUSS1,8,250,False,0.0,153.80585214519445,113,0.3892087936401367,3,Infeasible solution
GAUSS1LS,8,0,True,7371.720578441935,0.0,52,0.00966787338256836,4,Parameter tolerance reached
GAUSS2,8,250,False,nan,nan,nan,nan,,Optimization error: 
GAUSS2LS,8,0,True,1247.5283330344646,0.0,54,0.012128591537475586,3,Function tolerance reached
GAUSS3,8,250,False,nan,nan,nan,nan,,Optimization error: 
GAUSS3LS,8,0,True,11387.066763658202,0.0,81,0.02031564712524414,3,Function tolerance reached
GAUSSIAN,3,0,True,1.1654980775040311e-08,0.0,6,0.00011110305786132812,3,Function tolerance reached
GBRAINLS,2,0,True,28.515858943388398,0.0,20,0.007278919219970703,3,Function tolerance reached
GENHS28,10,8,False,1.6478756626138629e-15,4.000000032180458,47,0.010699987411499023,4,Infeasible solution
GENROSE,500,0,True,303.57351781890196,0.0,326,10.418893814086914,3,Function tolerance reached
GENROSEB,500,0,False,nan,nan,nan,nan,,Optimization error: 
GENROSEBNE,500,998,False,nan,nan,nan,nan,,Optimization error: 
GIGOMEZ1,3,3,False,-202658828001.13953,7.386943622526537e+21,21,0.0020172595977783203,3,Infeasible solution
GIGOMEZ2,3,3,False,1.3970928102118282e-06,758.366461550119,56,0.0048675537109375,4,Infeasible solution
GIGOMEZ3,3,3,False,1.3970928102118282e-06,6842.0554739279305,56,0.004340410232543945,4,Infeasible solution
GMNCASE1,175,300,False,-1.5034559127006935,0.1738644710006041,19,5.847365379333496,3,Infeasible solution
GMNCASE4,175,350,False,-2576.6979531796615,14.788472343698952,92,30.259211778640747,6,Infeasible solution
GOFFIN,51,50,False,-148718624064.33728,2565744330745.669,22,0.3792142868041992,3,Infeasible solution
GOTTFR,2,2,False,0.0,0.18033422614010175,32,0.0012860298156738281,3,Infeasible solution
GOULDQP1,32,17,False,-20174.909645191605,212.47416029378516,130,0.1266193389892578,3,Infeasible solution
GROUPING,100,125,False,1.284183688266364e-10,1.8227801251272606,63,1.6861531734466553,4,Infeasible solution
GROWTH,3,12,False,0.0,123.19995346334028,74,0.008360862731933594,3,Infeasible solution
GROWTHLS,3,0,True,3542.14903046,0.0,14,9.369850158691406e-05,3,Function tolerance reached
GULF,3,0,True,8.260355020995951e-05,0.0,34,0.0017437934875488281,3,Function tolerance reached
GULFNE,3,99,False,0.0,5.675634266461051,156,0.1758897304534912,3,Infeasible solution
HADAMALS,380,0,True,7960.248953730285,0.0,6,0.29910707473754883,3,Function tolerance reached
HAHN1,7,236,False,0.0,208.3523327575767,56,0.23092937469482422,3,Infeasible solution
HAHN1LS,7,0,True,55930.7015603521,0.0,15,0.0006241798400878906,3,Function tolerance reached
HAIFAM,99,150,False,-0.4999999997669421,4.667316398662151,14,0.5708861351013184,3,Infeasible solution
HAIFAS,13,9,False,0.0,0.0,1001,0.6223478317260742,5,Optimization failed
HAIRY,2,0,True,20.000000018786714,0.0,41,0.00028252601623535156,3,Function tolerance reached
HALDMADS,6,42,False,1.818848667353797,2370.7569097690152,27,0.04611015319824219,3,Infeasible solution
HART6,6,0,True,-3.3228581627130747,0.0,35,0.0005919933319091797,3,Function tolerance reached
HATFLDA,4,0,True,3.1075806557523306e-12,0.0,27,0.00038695335388183594,3,Function tolerance reached
HATFLDANE,4,4,False,0.0,0.9702645559221672,38,0.002523183822631836,3,Infeasible solution
HATFLDB,4,0,True,0.005572809479189446,0.0,21,0.000286102294921875,3,Function tolerance reached
HATFLDBNE,4,4,False,0.0,0.9702645559221672,38,0.002649545669555664,3,Infeasible solution
HATFLDC,25,0,True,8.952539130003558e-07,0.0,38,0.0027854442596435547,3,Function tolerance reached
HATFLDCNE,25,25,False,0.0,0.4736032094485845,59,0.07123947143554688,3,Infeasible solution
HATFLDD,3,0,True,2.546908600176846e-07,0.0,56,0.0007121562957763672,3,Function tolerance reached
HATFLDDNE,3,10,False,0.0,1.2470731162382058,34,0.005017757415771484,3,Infeasible solution
HATFLDE,3,0,True,5.120395582153134e-07,0.0,52,0.0008399486541748047,3,Function tolerance reached
HATFLDENE,3,21,False,0.0,2.4202739018739328,17,0.0053484439849853516,3,Infeasible solution
HATFLDF,3,3,True,0.0,0.07224332539476878,69,0.002960681915283203,3,Function tolerance reached
HATFLDFL,3,0,True,6.657486344703835e-05,0.0,9,0.00010418891906738281,3,Function tolerance reached
HATFLDFLNE,3,3,True,0.0,0.013029091125278973,36,0.001462697982788086,3,Function tolerance reached
HATFLDFLS,3,0,True,1.911554760826929e-14,0.0,45,0.0007648468017578125,3,Function tolerance reached
HATFLDG,25,25,False,0.0,3.3535573744781324,54,0.1001577377319336,3,Infeasible solution
HATFLDGLS,25,0,True,1.7983841529506518e-11,0.0,57,0.005174160003662109,3,Function tolerance reached
HATFLDH,4,7,False,-50.0,7.0,4,0.0006058216094970703,3,Infeasible solution
HEART6,6,6,False,0.0,75.92376230501887,29,0.004452228546142578,3,Infeasible solution
HEART6LS,6,0,True,0.007008012972058845,0.0,501,0.010315656661987305,3,Function tolerance reached
HEART8,8,8,False,0.0,27.77910011251702,21,0.0054318904876708984,3,Infeasible solution
HEART8LS,8,0,True,1.1409553533974677,0.0,114,0.0025854110717773438,3,Function tolerance reached
HELIX,3,0,True,1.4266491641353663e-17,0.0,29,0.0002589225769042969,3,Function tolerance reached
HELIXNE,3,3,False,0.0,49.999997982896986,3,0.00010776519775390625,3,Infeasible solution
HIELOW,3,0,True,-18904560.733175248,0.0,136,0.13192343711853027,3,Function tolerance reached
HILBERTA,2,0,True,2.618072072959013e-44,0.0,143,0.0004532337188720703,3,Function tolerance reached
HILBERTB,10,0,True,6.245842791769325e-42,0.0,46,0.0017957687377929688,3,Function tolerance reached
HIMMELBA,2,2,False,0.0,12.0,59,0.0013408660888671875,3,Infeasible solution
HIMMELBB,2,0,True,8.452772273639631e-15,0.0,22,0.00013589859008789062,3,Function tolerance reached
HIMMELBC,2,2,False,0.0,5.016298730590216,36,0.0008625984191894531,3,Infeasible solution
HIMMELBCLS,2,0,True,3.3025856610909744e-10,0.0,22,0.00015211105346679688,3,Function tolerance reached
HIMMELBD,2,2,False,0.0,2.7569644690812676,10,0.0002696514129638672,3,Infeasible solution
HIMMELBE,3,3,False,0.0,2.2000227271553356,70,0.002667665481567383,3,Infeasible solution
HIMMELBF,4,0,True,319.6871614266601,0.0,22,0.00024580955505371094,3,Function tolerance reached
HIMMELBFNE,4,7,False,0.0,132424.2532001833,29,0.0023963451385498047,3,Infeasible solution
HIMMELBG,2,0,True,1.2226209703354323e-20,0.0,28,0.00031185150146484375,3,Function tolerance reached
HIMMELBH,2,0,True,-0.9999999999993032,0.0,14,0.00012302398681640625,3,Function tolerance reached
HIMMELBI,100,12,False,-1754.1619238970109,551.0401630234846,16,0.13817286491394043,3,Infeasible solution
HIMMELBJ,43,14,False,-30.416499160125813,65.61342915107154,1001,2.393702983856201,5,Infeasible solution
HIMMELBK,24,14,False,0.03414264287907766,0.31714714241885594,52,0.05039811134338379,3,Infeasible solution
HIMMELP1,2,0,True,-23.897418751340012,0.0,11,0.00019979476928710938,3,Function tolerance reached
HIMMELP2,2,1,True,-62.05393163761596,0.0,26,0.0011675357818603516,3,Function tolerance reached
HIMMELP3,2,2,True,-59.01317776912174,0.0,9,0.0006964206695556641,3,Function tolerance reached
HIMMELP4,2,3,True,-59.01317776912174,0.0,9,0.0010061264038085938,3,Function tolerance reached
HIMMELP5,2,3,True,-59.01317776912174,0.0,12,0.0007348060607910156,3,Function tolerance reached
HIMMELP6,2,5,True,-59.01317776912174,0.0,11,0.001094818115234375,3,Function tolerance reached
HOLMES,180,0,True,1248.1624827655337,0.0,15,1.2235603332519531,3,Function tolerance reached
HONG,4,1,True,22.571091306549235,9.02810128877718e-08,152,0.002643585205078125,3,Function tolerance reached
HS1,2,0,True,0.0014273237350883447,0.0,20,0.0001475811004638672,3,Function tolerance reached
HS10,2,1,True,-1.000000320780374,6.415608746479506e-07,137,0.0031280517578125,3,Function tolerance reached
HS100,7,4,False,145.28346824322213,15066.300401455264,283,0.03296017646789551,3,Infeasible solution
HS100LNP,7,2,False,145.2112159482655,15141.60068982056,76,0.003339052200317383,3,Infeasible solution
HS100MOD,7,4,False,-16.097317354797422,62766.71313587421,22,0.00394749641418457,3,Infeasible solution
HS101,7,5,False,100.2976762444548,5374.994170700856,48,0.0076618194580078125,3,Infeasible solution
HS102,7,5,False,99.99999998783039,2311.8568318525913,121,0.01849055290222168,3,Infeasible solution
HS103,7,5,False,99.9999999804527,24.610319093903563,107,0.017326831817626953,3,Infeasible solution
HS104,8,5,False,0.9999999999634881,1.5892287319719347,39,0.006700754165649414,3,Infeasible solution
HS105,8,1,False,nan,nan,nan,nan,,Optimization error: 
HS106,8,6,False,2100.0,493319.8435734135,27,0.007408857345581055,3,Infeasible solution
HS107,9,6,False,0.0,1.0572410959980922,43,0.005049467086791992,3,Infeasible solution
HS108,9,13,False,nan,nan,nan,nan,,Optimization error: 
HS109,9,10,False,nan,nan,nan,nan,,Optimization error: 
HS11,2,1,True,-8.498464587273292,1.194094692014147e-07,128,0.0025229454040527344,3,Function tolerance reached
HS110,10,0,True,-45.778472331860584,0.0,11,0.0004239082336425781,3,Function tolerance reached
HS111,10,3,False,nan,nan,nan,nan,,Optimization error: 
HS111LNP,10,3,False,nan,nan,nan,nan,,Optimization error: 
HS112,10,3,False,-20.960285092994035,1.4491376746189437,1001,0.148881196975708,5,Infeasible solution
HS113,10,8,False,-29.14958896221537,165.20860778741246,59,0.024231672286987305,3,Infeasible solution
HS114,10,11,False,-24549.24624349305,6054.386556017773,157,0.07995486259460449,3,Infeasible solution
HS116,13,14,False,16.78360755573486,93.1665042616543,33,0.03608989715576172,3,Infeasible solution
HS117,15,5,False,-19.99993346716198,143.27357847123295,144,0.04307079315185547,3,Infeasible solution
HS118,15,17,False,269.2926500000095,156.8661850113052,44,0.0545806884765625,3,Infeasible solution
HS119,16,8,False,nan,nan,nan,nan,,Optimization error: 
HS12,2,1,True,-30.0000000329146,6.582920342168563e-08,98,0.0016798973083496094,3,Function tolerance reached
HS13,2,1,False,nan,nan,nan,nan,,Optimization error: 
HS14,2,2,False,0.19999988163040233,1.7699997218338692,80,0.0021851062774658203,3,Infeasible solution
HS15,2,2,False,3.9821583126067712,1.9865565157544003,64,0.0019443035125732422,3,Infeasible solution
HS16,2,2,False,nan,nan,nan,nan,,Optimization error: 
HS17,2,2,False,nan,nan,nan,nan,,Optimization error: 
HS18,2,2,False,0.25000299283404076,25.0,36,0.0012652873992919922,3,Infeasible solution
HS19,2,2,False,-7973.0,11.0,5,0.0001914501190185547,3,Infeasible solution
HS1NE,2,2,True,0.0,4.446439748506845e-15,70,0.0016300678253173828,3,Function tolerance reached
HS2,2,0,False,nan,nan,nan,nan,,Optimization error: 
HS20,2,3,False,nan,nan,nan,nan,,Optimization error: 
HS21,2,1,False,nan,nan,nan,nan,,Optimization error: 
HS21MOD,7,1,False,nan,nan,nan,nan,,Optimization error: 
HS22,2,2,False,0.8248334355139006,0.5234674050799479,92,0.002993345260620117,3,Infeasible solution
HS23,2,5,False,3.501192386720719e-43,9.1104335791443,30,0.0028591156005859375,3,Infeasible solution
HS24,2,3,False,-2.621439992848338,2.0784609879012503,70,0.0028231143951416016,3,Infeasible solution
HS25,3,0,True,32.834999999663594,0.0,26,0.0003650188446044922,4,Parameter tolerance reached
HS25NE,3,99,False,0.0,5.64298309674688,201,0.11250829696655273,3,Infeasible solution
HS26,3,1,True,2.1953145741632923e-08,1.0653016468964438e-08,81,0.0014142990112304688,4,Parameter tolerance reached
HS268,5,5,True,2.273951395181939e-06,0.0,39,0.004166364669799805,3,Function tolerance reached
HS27,3,1,True,0.0400000569123705,5.420928791771618e-07,119,0.0021927356719970703,3,Function tolerance reached
HS28,3,1,True,8.838217522337011e-16,2.2009023492586266e-09,22,0.000530242919921875,4,Parameter tolerance reached
HS29,3,1,True,-22.627417151470222,2.3619602451674382e-07,109,0.0021538734436035156,3,Function tolerance reached
HS2NE,2,2,False,nan,nan,nan,nan,,Optimization error: 
HS3,2,0,True,0.0009999239971212473,0.0,4,6.29425048828125e-05,3,Function tolerance reached
HS30,3,1,True,1.0,0.0,7,0.00025773048400878906,3,Function tolerance reached
HS31,3,1,True,6.000444418996671,0.0,42,0.001392364501953125,4,Parameter tolerance reached
HS32,3,2,True,0.9999997871777524,1.0641119585486081e-07,76,0.0025262832641601562,3,Function tolerance reached
HS33,3,2,True,-4.000000000689035,2.7561366522377284e-09,39,0.0012621879577636719,3,Function tolerance reached
HS34,3,2,False,-100.0,2.6881171418161356e+43,8,0.0005788803100585938,3,Infeasible solution
HS35,3,1,True,0.11111184273813768,0.0,70,0.0016245841979980469,3,Function tolerance reached
HS35I,3,1,True,0.11111184273813768,0.0,70,0.0016238689422607422,3,Function tolerance reached
HS35MOD,2,1,True,0.25000041056834843,0.0,21,0.0004870891571044922,3,Function tolerance reached
HS36,3,1,True,-3299.9999999949823,0.0,27,0.0008370876312255859,3,Function tolerance reached
HS37,3,2,False,-74088.0,138.0,4,0.00019931793212890625,3,Infeasible solution
HS38,4,0,True,7.872114484844501,0.0,26,0.00033736228942871094,3,Function tolerance reached
HS39,4,2,False,nan,nan,nan,nan,,Optimization error: 
HS3MOD,2,0,True,1.9733069387738573e-21,0.0,15,0.00014853477478027344,3,Function tolerance reached
HS4,2,0,True,2.666666664,0.0,3,4.00543212890625e-05,3,Function tolerance reached
HS40,4,3,False,nan,nan,nan,nan,,Optimization error: 
HS41,4,1,False,nan,nan,nan,nan,,Optimization error: 
HS42,4,2,False,12.857864832418187,1.0000000000000162,84,0.002323627471923828,3,Infeasible solution
HS43,4,3,False,-44.74275156509889,3.770108164973419,108,0.007718563079833984,3,Infeasible solution
HS44,4,6,False,nan,nan,nan,nan,,Optimization error: 
HS44NEW,4,6,False,nan,nan,nan,nan,,Optimization error: 
HS45,5,0,False,nan,nan,nan,nan,,Optimization error: 
HS46,5,2,True,8.714118716455615e-08,0.008172790736935939,48,0.0023679733276367188,4,Parameter tolerance reached
HS47,5,3,False,nan,nan,nan,nan,,Optimization error: 
HS48,5,2,False,1.232595164407831e-32,0.5882352942961933,20,0.0007829666137695312,3,Infeasible solution
HS49,5,2,False,6.753925104984189e-10,14.979608505796154,40,0.0019030570983886719,4,Infeasible solution
HS5,2,0,True,-1.913222949425053,0.0,11,0.00010418891906738281,3,Function tolerance reached
HS50,5,3,True,5.341297069023676e-14,0.0025888703683281714,60,0.003925323486328125,3,Function tolerance reached
HS51,5,3,True,2.4326226993816782e-26,6.809395690168311e-13,27,0.001341104507446289,4,Parameter tolerance reached
HS52,5,3,False,7.395570986446986e-32,3.2499999999999996,20,0.0010342597961425781,3,Infeasible solution
HS53,5,3,False,1.8004646081028753e-16,4.000000002090636,27,0.0017142295837402344,4,Infeasible solution
HS54,6,1,True,-0.15395252605608706,7.148628355935216e-10,98,0.002810239791870117,3,Function tolerance reached
HS55,6,6,False,1.0,7.0710678118654755,20,0.001918792724609375,3,Infeasible solution
HS56,7,4,False,-3.4560006058861803,1.4282942954906888,100,0.007637977600097656,3,Infeasible solution
HS57,2,1,True,0.03064630587609011,0.0,8,0.0001976490020751953,3,Function tolerance reached
HS59,2,3,False,nan,nan,nan,nan,,Optimization error: 
HS6,2,1,True,1.1388474168547266e-13,4.352733018464505e-07,52,0.0009531974792480469,4,Parameter tolerance reached
HS60,3,1,True,0.03256819687854665,3.1793231136667544e-07,116,0.0021483898162841797,3,Function tolerance reached
HS61,3,2,False,-151.04352411194785,23.73811344342653,229,0.005405902862548828,3,Infeasible solution
HS62,3,1,True,-26272.514513614427,1.9462979852780116e-08,242,0.003193378448486328,3,Function tolerance reached
HS63,3,2,False,943.9924682726344,29.579265122098256,243,0.004473209381103516,3,Infeasible solution
HS64,3,1,True,7188.842424227062,0.0,23,0.0007464885711669922,3,Function tolerance reached
HS65,3,1,False,nan,nan,nan,nan,,Optimization error: 
HS66,3,2,False,-79.70917017736637,2.6881171418161356e+43,7,0.00046825408935546875,3,Infeasible solution
HS67,3,14,False,-871.4729271420538,0.31449475432998497,6,0.002760171890258789,3,Infeasible solution
HS68,4,2,False,-0.9315195178517138,0.31806309109914194,94,0.0032427310943603516,3,Infeasible solution
HS69,4,2,False,-971.8493755224307,0.9999999999991593,228,0.008640050888061523,3,Infeasible solution
HS7,2,1,True,-1.7320508953562264,3.0410430529315136e-07,170,0.002374887466430664,3,Function tolerance reached
HS70,4,1,True,0.007498470506198679,0.0,43,0.00421905517578125,3,Function tolerance reached
HS71,4,2,False,13.211102452341054,6.972243869148171,41,0.002072572708129883,3,Infeasible solution
HS72,4,2,True,671.3216495377137,0.019156165745725717,170,0.012189626693725586,3,Function tolerance reached
HS73,4,3,False,24.549999998957432,10.233075115064947,44,0.0022313594818115234,3,Infeasible solution
HS74,4,5,False,0.0,1563.4149900388593,12,0.001367330551147461,3,Infeasible solution
HS75,4,5,False,0.0,1557.8546841829757,30,0.003094196319580078,3,Infeasible solution
HS76,4,3,False,-5.249998639123104,2.496441280973597,7,0.0006475448608398438,3,Infeasible solution
HS76I,4,3,False,-5.249998639123104,2.496441280973597,7,0.0006229877471923828,3,Infeasible solution
HS77,5,2,False,0.21190563542699442,0.8494791983035604,133,0.0051555633544921875,3,Infeasible solution
HS78,5,3,False,nan,nan,nan,nan,,Optimization error: 
HS79,5,3,False,0.032171429368341144,2.005164283591928,98,0.005264997482299805,3,Infeasible solution
HS8,2,2,False,-1.0,6.8922080492510975,33,0.0006010532379150391,3,Infeasible solution
HS80,5,3,False,6.654927268348587e-13,12.356516409790752,42,0.0031244754791259766,3,Infeasible solution
HS81,5,3,False,-8.926193117986259e-14,49.7541133781142,123,0.007144451141357422,4,Infeasible solution
HS83,5,3,False,-31026.42772643818,1.29027967566725,74,0.005192279815673828,3,Infeasible solution
HS84,5,3,False,nan,nan,nan,nan,,Optimization error: 
HS85,5,21,False,-1.6656999162803197,9.90693869336755,9,0.010697603225708008,3,Infeasible solution
HS86,5,10,False,-61.44832965981619,7.373966410793287,27,0.007066011428833008,3,Infeasible solution
HS87,6,4,False,0.0,233.8240764192426,39,0.002294301986694336,3,Infeasible solution
HS88,2,1,False,nan,nan,nan,nan,,Optimization error: 
HS89,3,1,True,1.366186843368352,4.5385485314761035e-09,445,0.19289779663085938,3,Function tolerance reached
HS9,2,1,True,-0.5000000098732551,3.112600861499004e-07,36,0.0005125999450683594,3,Function tolerance reached
HS90,4,1,True,1.3626416086931978,1.485375407176933e-08,206,0.20889496803283691,3,Function tolerance reached
HS91,5,1,True,1.3626532064905599,4.735191215003644e-09,251,0.391765832901001,4,Parameter tolerance reached
HS92,6,1,True,1.3627292199704828,0.0,202,0.5937075614929199,3,Function tolerance reached
HS93,6,2,False,0.0,2.07,4,0.00030875205993652344,3,Infeasible solution
HS95,6,4,False,0.0,4.97,3,0.00028705596923828125,3,Infeasible solution
HS96,6,4,False,0.0,4.97,3,0.0004596710205078125,3,Infeasible solution
HS97,6,4,False,0.0,41.44918937687443,3,0.0002930164337158203,3,Infeasible solution
HS98,6,4,False,0.0,41.44918937687443,3,0.00028204917907714844,3,Infeasible solution
HS99,7,2,False,nan,nan,nan,nan,,Optimization error: 
HS99EXP,28,21,False,0.0,2006265.7713361364,50,0.07219529151916504,3,Infeasible solution
HUBFIT,2,1,True,0.01689344492873842,4.080222031077607e-07,51,0.0010521411895751953,3,Function tolerance reached
HUMPS,2,0,True,7.692428538811865,0.0,22,0.00014257431030273438,3,Function tolerance reached
HYDC20LS,99,0,True,413.54717873220494,0.0,16,0.014277219772338867,3,Function tolerance reached
HYDCAR20,99,99,False,0.0,36.35200893598596,15,0.43318748474121094,3,Infeasible solution
HYDCAR6,29,29,False,0.0,23.897875173925232,15,0.036719560623168945,3,Infeasible solution
HYDCAR6LS,29,0,True,0.04092417584617885,0.0,115,0.020992755889892578,3,Function tolerance reached
HYDROELS,167,168,True,-3429791.1566357045,0.0,5,0.7631354331970215,3,Function tolerance reached
HYPCIR,2,2,False,0.0,1.0000000000000229,52,0.0012276172637939453,3,Infeasible solution
INTEQNE,12,12,False,0.0,0.2518270068080544,3,0.0008547306060791016,3,Infeasible solution
JENSMP,2,0,True,2020.0,0.0,14,8.177757263183594e-05,3,Function tolerance reached
JENSMPNE,2,10,False,0.0,13.624025449855159,16,0.0013246536254882812,3,Infeasible solution
JUDGE,2,0,True,16.081732862911185,0.0,18,0.00015306472778320312,3,Function tolerance reached
JUDGEB,2,0,True,20.482342334387173,0.0,18,0.00023102760314941406,3,Function tolerance reached
JUDGENE,2,20,False,0.0,5.018885565861423,16,0.0027496814727783203,3,Infeasible solution
KIRBY2,5,151,False,0.0,653.450949344125,77,0.15849900245666504,3,Infeasible solution
KIRBY2LS,5,0,True,373285.3585472709,0.0,15,0.00035381317138671875,4,Parameter tolerance reached
KISSING,127,903,False,0.0,6.185477331389495,48,30.877882480621338,6,Infeasible solution
KISSING2,94,625,False,-95.99979542709943,95.99999928235604,35,8.667665719985962,3,Infeasible solution
KIWCRESC,3,2,False,-32034497433.153675,9.995356126834339e+19,120,0.0035173892974853516,3,Infeasible solution
KOEBHELB,3,0,True,112.27301067917513,0.0,17,0.0004398822784423828,3,Function tolerance reached
KOEBHELBNE,3,156,False,0.0,10.647438028842796,1001,1.5184509754180908,5,Infeasible solution
KOWOSB,4,0,True,0.0003078011192690891,0.0,29,0.0005004405975341797,3,Function tolerance reached
KOWOSBNE,4,11,False,0.0,0.16821615480217364,63,0.010341167449951172,3,Infeasible solution
LAKES,90,78,False,2.117953953176546e-22,1059.4790105461652,42,0.5387988090515137,4,Infeasible solution
LANCZOS1,6,24,False,0.0,21.836020070436717,106,0.05110645294189453,3,Infeasible solution
LANCZOS1LS,6,0,True,0.0008761685410429467,0.0,52,0.0015902519226074219,3,Function tolerance reached
LANCZOS2,6,24,False,0.0,21.836021322840985,106,0.05165266990661621,3,Infeasible solution
LANCZOS2LS,6,0,True,0.0008762594420439183,0.0,52,0.001573801040649414,3,Function tolerance reached
LANCZOS3,6,24,False,0.0,21.83655864229648,106,0.0520930290222168,3,Infeasible solution
LANCZOS3LS,6,0,True,0.000875901665781916,0.0,53,0.001627206802368164,3,Function tolerance reached
LAUNCH,25,28,False,0.22889682251161894,20948.03321709436,1001,4.397474050521851,5,Infeasible solution
LEAKNET,156,153,True,15.221379295343828,0.020212829369374137,51,3.53300404548645,4,Parameter tolerance reached
LEUVEN7,360,946,False,nan,nan,nan,nan,,Optimization error: 
LEVYMONE,100,200,False,0.0,2.206283952598346,414,6.879207372665405,3,Infeasible solution
LEVYMONE10,10,20,False,0.0,7.177697044034919,399,0.07611846923828125,3,Infeasible solution
LEVYMONE5,2,4,False,0.0,5.261630665795915,40,0.00160980224609375,3,Infeasible solution
LEVYMONE6,3,6,False,0.0,7.3346377521369615,63,0.005521535873413086,3,Infeasible solution
LEVYMONE7,4,8,False,0.0,7.010905606293814,62,0.007498741149902344,3,Infeasible solution
LEVYMONE8,5,10,False,0.0,10.457304474014583,399,0.02469158172607422,3,Infeasible solution
LEVYMONE9,8,16,False,0.0,8.08616900995423,414,0.054796457290649414,3,Infeasible solution
LEVYMONT,100,0,True,154.9092188867781,0.0,11,0.008212089538574219,3,Function tolerance reached
LEVYMONT10,10,0,True,161.25715442675303,0.0,28,0.0008234977722167969,3,Function tolerance reached
LEVYMONT5,2,0,True,3.080388530970045e-14,0.0,15,0.00014781951904296875,3,Function tolerance reached
LEVYMONT6,3,0,True,1.4017726323383337e-12,0.0,44,0.0005381107330322266,3,Function tolerance reached
LEVYMONT7,4,0,True,10.154016612140316,0.0,20,0.0002529621124267578,3,Function tolerance reached
LEVYMONT8,5,0,True,12.521089330619631,0.0,31,0.00035691261291503906,3,Function tolerance reached
LEVYMONT9,8,0,True,1.6363141257291459e-07,0.0,46,0.0012412071228027344,3,Function tolerance reached
LEWISPOL,6,9,False,0.0,30.610455730027933,6,0.0014200210571289062,3,Infeasible solution
LHAIFAM,99,150,False,-3.7972372496474733,3.6761633992510547,45,5.08301568031311,3,Infeasible solution
LIN,4,2,False,nan,nan,nan,nan,,Optimization error: 
LINSPANH,81,33,True,-77.01,0.014142135623888913,4,0.0249326229095459,4,Parameter tolerance reached
LOADBAL,31,31,False,0.04904940144022903,145.01525632251082,103,0.38477420806884766,3,Infeasible solution
LOGHAIRY,2,0,True,6.552502226752026,0.0,4,5.7697296142578125e-05,4,Parameter tolerance reached
LOGROS,2,0,False,nan,nan,nan,nan,,Optimization error: 
LOOTSMA,3,2,False,nan,nan,nan,nan,,Optimization error: 
LOTSCHD,12,7,False,3.9999996277956673,127.83388519654939,118,0.022888898849487305,3,Infeasible solution
LSC1,3,6,False,0.0,67.38804537896215,95,0.005708217620849609,3,Infeasible solution
LSC1LS,3,0,True,1096.6090331901753,0.0,41,0.0005068778991699219,3,Function tolerance reached
LSC2,3,6,False,0.0,15.348766773605009,84,0.005629301071166992,3,Infeasible solution
LSC2LS,3,0,True,16.09859888459486,0.0,23,0.00028443336486816406,3,Function tolerance reached
LSNNODOC,5,4,False,44.3343365935839,10.198039031820745,65,0.003337383270263672,3,Infeasible solution
LSQFIT,2,1,True,0.03378693228812635,2.288009071926833e-07,58,0.0012030601501464844,3,Function tolerance reached
LUKSAN11,100,198,False,0.0,36.48231905106132,62,3.015611410140991,3,Infeasible solution
LUKSAN11LS,100,0,True,385.0990417752445,0.0,71,0.047193288803100586,3,Function tolerance reached
LUKSAN12,98,192,False,0.0,178.06751575694994,26,1.325925588607788,3,Infeasible solution
LUKSAN12LS,98,0,True,5969.316804170182,0.0,501,0.2638986110687256,3,Function tolerance reached
LUKSAN13,98,224,False,0.0,276.1090557592892,30,1.935797929763794,3,Infeasible solution
LUKSAN13LS,98,0,True,34829.1575504554,0.0,53,0.03049159049987793,3,Function tolerance reached
LUKSAN14,98,224,False,0.0,160.28526246687238,32,2.227748394012451,3,Infeasible solution
LUKSAN14LS,98,0,True,125.4668775563646,0.0,375,0.22485661506652832,3,Function tolerance reached
LUKSAN15,100,196,False,0.0,162.06630395069388,47,3.2127459049224854,3,Infeasible solution
LUKSAN15LS,100,0,True,3.7704267647425525,0.0,501,2.09541916847229,3,Function tolerance reached
LUKSAN16,100,196,False,0.0,116.39201300428054,43,2.625277042388916,3,Infeasible solution
LUKSAN16LS,100,0,True,13068.484181197407,0.0,98,0.18781471252441406,4,Parameter tolerance reached
LUKSAN17,100,196,False,0.0,1275.1188084957862,19,1.1655158996582031,3,Infeasible solution
LUKSAN17LS,100,0,True,348499.8864245655,0.0,170,0.20539069175720215,3,Function tolerance reached
LUKSAN21,100,100,False,0.0,10.043281706884262,22,0.7090630531311035,3,Infeasible solution
LUKSAN21LS,100,0,True,0.0006327689034208004,0.0,322,0.30475902557373047,3,Function tolerance reached
LUKSAN22,100,198,False,0.0,155.84070637597998,57,3.446898937225342,3,Infeasible solution
LUKSAN22LS,100,0,True,875.4069683560875,0.0,263,0.25826358795166016,3,Function tolerance reached
MADSEN,3,6,False,-1.0000000113345042,10.297564276591189,48,0.005513429641723633,4,Infeasible solution
MADSSCHJ,201,398,False,-169056.83576817124,2331264473.3415446,56,30.801127910614014,6,Infeasible solution
MAKELA1,3,2,True,54981.302752421354,0.0,49,0.0026471614837646484,3,Function tolerance reached
MAKELA2,3,3,False,-64.99999971672199,189.9999997002738,107,0.006972074508666992,3,Infeasible solution
MAKELA3,21,20,False,8.81218914865721e-09,750.1106584741132,97,0.21332597732543945,4,Infeasible solution
MAKELA4,21,40,False,-28511.19972072105,185329.51661025797,52,0.26602888107299805,3,Infeasible solution
MANCINO,100,0,True,121552.62050147793,0.0,38,1.3502838611602783,3,Function tolerance reached
MANCINONE,100,100,False,0.0,1011095.763835492,48,2.631124258041382,3,Infeasible solution
MARATOS,2,1,True,-1.0000000306520165,6.130415641791842e-08,48,0.0005228519439697266,3,Function tolerance reached
MARATOSB,2,0,True,0.9948248865763402,0.0,24,0.0001366138458251953,3,Function tolerance reached
MATRIX2,6,2,False,nan,nan,nan,nan,,Optimization error: 
MAXLIKA,8,0,False,nan,nan,nan,nan,,Optimization error: 
MCONCON,15,11,False,nan,nan,nan,nan,,Optimization error: 
MDHOLE,2,0,True,4.878843977843135e-56,0.0,140,0.0010497570037841797,3,Function tolerance reached
MESH,33,48,False,nan,nan,nan,nan,,Optimization error: 
METHANB8,31,31,False,0.0,1.021640434480858,5,0.012012958526611328,3,Infeasible solution
METHANB8LS,31,0,True,0.3440213436482437,0.0,18,0.0016658306121826172,4,Parameter tolerance reached
METHANL8,31,31,False,0.0,66.06479040704882,5,0.012153387069702148,3,Infeasible solution
METHANL8LS,31,0,True,612.7198460969062,0.0,18,0.0016672611236572266,4,Parameter tolerance reached
MEXHAT,2,0,True,65.85359837460356,0.0,50,0.0003190040588378906,3,Function tolerance reached
MEYER3,3,0,True,1417869030.6187804,0.0,53,0.0004563331604003906,3,Function tolerance reached
MEYER3NE,3,16,False,0.0,9199.867331892483,43,0.003993988037109375,3,Infeasible solution
MGH09,4,11,False,0.0,0.3647313367043087,92,0.0208437442779541,3,Infeasible solution
MGH09LS,4,0,True,0.0012310207682812001,0.0,30,0.0007941722869873047,3,Function tolerance reached
MGH10,3,16,False,0.0,62376.018501771854,1001,0.1466982364654541,5,Infeasible solution
MGH10LS,3,0,True,4515242701191391.0,0.0,47,0.00024962425231933594,4,Parameter tolerance reached
MGH10S,3,16,False,0.0,53667.36850799553,137,0.02097916603088379,3,Infeasible solution
MGH10SLS,3,0,True,11452898801226.357,0.0,15,0.0001552104949951172,3,Function tolerance reached
MGH17,5,33,False,0.0,49.588446618394926,54,0.030619144439697266,3,Infeasible solution
MGH17LS,5,0,True,1.104399708225844,0.0,10,0.00031948089599609375,3,Function tolerance reached
MGH17S,5,33,False,0.0,49.58844661837973,54,0.031131267547607422,3,Infeasible solution
MGH17SLS,5,0,True,1.102843035688514,0.0,10,0.0002281665802001953,3,Function tolerance reached
MIFFLIN1,3,2,False,-224419680162.4856,5.4752295179765684e+22,22,0.0015735626220703125,3,Infeasible solution
MIFFLIN2,3,2,True,50086.45022521437,0.0,43,0.0024671554565429688,3,Function tolerance reached
MINMAXBD,5,20,False,7.395332221169442e-09,3738.798108221412,306,0.15555024147033691,4,Infeasible solution
MINMAXRB,3,4,False,1.0,3.605551275463988,1001,0.08243393898010254,5,Infeasible solution
MINSURF,36,0,True,1.0000085427680931,0.0,13,0.003056764602661133,3,Function tolerance reached
MISRA1A,2,14,False,0.0,165.67404594564596,140,0.011305093765258789,3,Infeasible solution
MISRA1ALS,2,0,True,6761.787892857143,0.0,19,0.00012683868408203125,3,Function tolerance reached
MISRA1B,2,14,False,0.0,165.66711385168628,107,0.009808540344238281,3,Infeasible solution
MISRA1BLS,2,0,True,6761.787892856998,0.0,19,0.00011587142944335938,3,Function tolerance reached
MISRA1C,2,14,False,0.0,140.1383001878788,90,0.007452726364135742,3,Infeasible solution
MISRA1CLS,2,0,True,6760.780546905977,0.0,30,0.00013208389282226562,3,Function tolerance reached
MISRA1D,2,14,False,0.0,165.16619180005088,107,0.009703874588012695,3,Infeasible solution
MISRA1DLS,2,0,True,6761.787403466743,0.0,19,0.00011849403381347656,3,Function tolerance reached
MISTAKE,9,13,False,-3.40916524003378e+27,3.6688685836014183e+28,10,0.0075092315673828125,3,Infeasible solution
MNISTS0LS,494,0,True,11846.0,0.0,14,23.563822507858276,3,Function tolerance reached
MNISTS5LS,494,0,True,10842.0,0.0,14,23.774288654327393,3,Function tolerance reached
MOREBVNE,10,10,False,0.0,0.2798681841486438,63,0.0221710205078125,3,Infeasible solution
MRIBASIS,24,55,False,18.2179,108.78749657434771,12,0.048233747482299805,3,Infeasible solution
MSS1,90,73,False,nan,nan,nan,nan,,Optimization error: 
MUONSINE,1,512,False,0.0,226.05540555027727,24,0.0574953556060791,3,Infeasible solution
MUONSINELS,1,0,True,50885.34655146299,0.0,20,0.0006656646728515625,3,Function tolerance reached
MWRIGHT,5,3,False,nan,nan,nan,nan,,Optimization error: 
NASH,18,24,False,0.0,100.12792197179958,9,0.012706756591796875,3,Infeasible solution
NELSON,3,128,False,0.0,9.687757025146038,30,0.030417442321777344,3,Infeasible solution
NELSONLS,3,0,True,5.1976783280031595,0.0,154,0.004269838333129883,3,Function tolerance reached
NET1,43,57,False,nan,nan,nan,nan,,Optimization error: 
NET2,133,160,False,nan,nan,nan,nan,,Optimization error: 
NET3,427,521,False,nan,nan,nan,nan,,Optimization error: 
NYSTROM5,15,20,False,0.0,1.3461364464520924,1001,0.8083043098449707,5,Infeasible solution
ODFITS,10,6,False,-2383.115060437159,192.57024440467907,132,0.021742582321166992,3,Infeasible solution
OPTCNTRL,29,20,False,50.0,10.113028846928644,25,0.029851913452148438,3,Infeasible solution
OPTPRLOC,30,30,False,nan,nan,nan,nan,,Optimization error: 
ORTHREGB,27,6,False,4.167669747773413e-18,249.35700310791066,47,0.027002573013305664,4,Infeasible solution
OSBORNE1,5,33,False,0.0,3.637964949831776,24,0.014147758483886719,3,Infeasible solution
OSBORNE2,11,65,False,0.0,1.8045891326961063,48,0.10206389427185059,3,Infeasible solution
OSBORNEA,5,0,True,6.257886222622521e-05,0.0,40,0.00086212158203125,3,Function tolerance reached
OSBORNEB,11,0,True,0.04013805973414247,0.0,90,0.013280630111694336,3,Function tolerance reached
OSCIPANE,10,10,False,0.0,1.0,3,0.0005376338958740234,3,Infeasible solution
OSCIPATH,500,0,True,0.9999787419676419,0.0,14,0.30187535285949707,4,Parameter tolerance reached
OSLBQP,8,0,False,nan,nan,nan,nan,,Optimization error: 
PALMER1,4,0,True,11754.673331158447,0.0,103,0.0011963844299316406,3,Function tolerance reached
PALMER1A,6,0,True,1.1842767123260711,0.0,47,0.0009257793426513672,3,Function tolerance reached
PALMER1ANE,6,35,False,0.0,199.6968843523749,7,0.0044155120849609375,3,Infeasible solution
PALMER1B,4,0,True,3.447349532766988,0.0,37,0.0005331039428710938,3,Function tolerance reached
PALMER1BNE,4,35,False,0.0,214.04559970481554,9,0.004408359527587891,3,Infeasible solution
PALMER1C,8,0,True,0.09760504817443558,0.0,56,0.0014333724975585938,3,Function tolerance reached
PALMER1D,7,0,True,0.6526739850729513,0.0,47,0.0009300708770751953,3,Function tolerance reached
PALMER1E,8,0,True,0.041499957986895056,0.0,53,0.0016415119171142578,3,Function tolerance reached
PALMER1ENE,8,35,False,0.0,198.22465440729547,7,0.004636526107788086,3,Infeasible solution
PALMER1NE,4,31,False,0.0,1106.7276098761554,39,0.012187719345092773,3,Infeasible solution
PALMER2,4,0,True,3651.1158475496886,0.0,98,0.0014727115631103516,3,Function tolerance reached
PALMER2A,6,0,True,0.021699732529668708,0.0,59,0.0011715888977050781,3,Function tolerance reached
PALMER2ANE,6,23,False,0.0,37.23947467349244,8,0.0035092830657958984,3,Infeasible solution
PALMER2B,4,0,True,0.6232669119918925,0.0,44,0.0006706714630126953,3,Function tolerance reached
PALMER2BNE,4,23,False,0.0,50.89037806341971,9,0.002925395965576172,3,Infeasible solution
PALMER2C,8,0,True,0.14047524230889724,0.0,45,0.0010039806365966797,3,Function tolerance reached
PALMER2E,8,0,True,0.02474344958577668,0.0,57,0.0016407966613769531,3,Function tolerance reached
PALMER2ENE,8,23,False,0.0,35.53909168650934,6,0.0034027099609375,3,Infeasible solution
PALMER2NE,4,23,False,0.0,92.9089937601232,12,0.004343509674072266,3,Infeasible solution
PALMER3,4,0,True,2416.980467006669,0.0,14,0.00026988983154296875,3,Function tolerance reached
PALMER3A,6,0,True,0.020472418659777544,0.0,62,0.001268625259399414,3,Function tolerance reached
PALMER3ANE,6,23,False,0.0,16.277712985974357,8,0.003631591796875,3,Infeasible solution
PALMER3B,4,0,True,4.227647970508929,0.0,62,0.0008795261383056641,3,Function tolerance reached
PALMER3BNE,4,23,False,0.0,27.74891786215015,10,0.0032558441162109375,3,Infeasible solution
PALMER3C,8,0,True,0.15756343914913726,0.0,37,0.0007107257843017578,3,Function tolerance reached
PALMER3E,8,0,True,0.1134166888238776,0.0,49,0.0013549327850341797,3,Function tolerance reached
PALMER3ENE,8,23,False,0.0,18.624177429060712,6,0.0036134719848632812,3,Infeasible solution
PALMER3NE,4,23,False,0.0,73.56843575092209,13,0.004618167877197266,3,Infeasible solution
PALMER4,4,0,True,2424.0376832848424,0.0,13,0.00020313262939453125,3,Function tolerance reached
PALMER4A,6,0,True,0.04060695951511725,0.0,123,0.002904653549194336,3,Function tolerance reached
PALMER4ANE,6,23,False,0.0,15.831457484463902,8,0.0037603378295898438,3,Infeasible solution
PALMER4B,4,0,True,6.835151959996789,0.0,71,0.0009458065032958984,3,Function tolerance reached
PALMER4BNE,4,23,False,0.0,26.191724800602227,10,0.003374338150024414,3,Infeasible solution
PALMER4C,8,0,True,0.3728595488214719,0.0,36,0.0007085800170898438,3,Function tolerance reached
PALMER4E,8,0,True,0.30510589350160683,0.0,47,0.0013756752014160156,3,Function tolerance reached
PALMER4ENE,8,23,False,0.0,20.238986251724384,6,0.0030498504638671875,3,Infeasible solution
PALMER4NE,4,23,False,0.0,74.60032411974724,13,0.0047261714935302734,3,Infeasible solution
PALMER5A,8,0,True,1.9936239853388857,0.0,33,0.0006814002990722656,3,Function tolerance reached
PALMER5ANE,8,12,False,0.0,222070.36524649503,18,0.00541377067565918,3,Infeasible solution
PALMER5B,9,0,True,0.040105129177687375,0.0,73,0.0024569034576416016,3,Function tolerance reached
PALMER5BNE,9,12,False,0.0,230098.59209883842,19,0.005987882614135742,3,Infeasible solution
PALMER5C,6,0,True,2.1280866434545183,0.0,26,0.00045609474182128906,3,Function tolerance reached
PALMER5D,4,0,True,87.33939482191921,0.0,20,0.0002562999725341797,3,Function tolerance reached
PALMER5E,8,0,True,0.03566786294841072,0.0,501,0.013873815536499023,3,Function tolerance reached
PALMER5ENE,8,12,False,0.0,50.539880862826294,26,0.008847475051879883,3,Infeasible solution
PALMER6A,6,0,True,0.06881612053997739,0.0,48,0.0009109973907470703,3,Function tolerance reached
PALMER6ANE,6,13,False,0.0,57.65751346945005,51,0.012445688247680664,3,Infeasible solution
PALMER6C,8,0,True,0.09563767598873611,0.0,42,0.0011341571807861328,3,Function tolerance reached
PALMER6E,8,0,True,0.02513380300437704,0.0,63,0.0017042160034179688,3,Function tolerance reached
PALMER6ENE,8,13,False,0.0,87.11518283378909,13,0.004874467849731445,3,Infeasible solution
PALMER7A,6,0,True,27.768820657434944,0.0,44,0.0008547306060791016,3,Function tolerance reached
PALMER7ANE,6,13,False,0.0,15.517015602975754,9,0.0025331974029541016,3,Infeasible solution
PALMER7C,8,0,True,4.319990456588199,0.0,43,0.0009369850158691406,3,Function tolerance reached
PALMER7E,8,0,True,10.195678253577046,0.0,106,0.0031812191009521484,3,Function tolerance reached
PALMER7ENE,8,13,False,0.0,35.48193415215397,6,0.0019884109497070312,3,Infeasible solution
PALMER8A,6,0,True,6.967884318021013,0.0,19,0.0007264614105224609,3,Function tolerance reached
PALMER8ANE,6,12,False,0.0,11.086145201912762,9,0.004181623458862305,3,Infeasible solution
PALMER8C,8,0,True,0.5904926662185886,0.0,42,0.0009925365447998047,3,Function tolerance reached
PALMER8E,8,0,True,0.12750343184843158,0.0,41,0.0010645389556884766,3,Function tolerance reached
PALMER8ENE,8,12,False,0.0,29.32541009864403,7,0.0020864009857177734,3,Infeasible solution
PARKCH,15,0,True,-6844505035328962.0,0.0,22,0.17421698570251465,3,Function tolerance reached
PENALTY2,200,0,True,47116277977782.28,0.0,20,0.06229400634765625,3,Function tolerance reached
PENALTY3,200,0,True,111364081.36110696,0.0,131,20.572049379348755,3,Function tolerance reached
PENLT1NE,10,11,True,0.0,2.728908288595122e-05,24,0.009862899780273438,3,Function tolerance reached
PENLT2NE,4,8,True,0.0,0.046437022545362784,15,0.002340078353881836,3,Function tolerance reached
PENTAGON,6,15,False,nan,nan,nan,nan,,Optimization error: NLopt roundoff-limited
PFIT1,3,3,False,0.0,2.0376822249316495,48,0.0020351409912109375,3,Infeasible solution
PFIT1LS,3,0,True,2.4550469503209286e-06,0.0,94,0.0010209083557128906,3,Function tolerance reached
PFIT2,3,3,False,0.0,5.561662284719546,44,0.0023148059844970703,3,Infeasible solution
PFIT2LS,3,0,True,85.70763272609474,0.0,12,9.655952453613281e-05,3,Function tolerance reached
PFIT3,3,3,False,0.0,9.312621673582631,57,0.0021076202392578125,3,Infeasible solution
PFIT3LS,3,0,True,526.9578896801037,0.0,13,0.00022912025451660156,3,Function tolerance reached
PFIT4,3,3,False,0.0,13.01544661068689,54,0.00254058837890625,3,Infeasible solution
PFIT4LS,3,0,True,1899.1663451953002,0.0,13,0.000102996826171875,3,Function tolerance reached
POLAK1,3,2,True,49985.66084646364,0.0,102,0.006269931793212891,3,Function tolerance reached
POLAK2,11,2,False,2.2945782636763283,7501319.726813846,120,0.02039957046508789,3,Infeasible solution
POLAK3,12,10,False,4.685738116673582,102.61540722197739,172,0.14301776885986328,3,Infeasible solution
POLAK4,3,3,False,nan,nan,nan,nan,,Optimization error: 
POLAK5,3,2,False,nan,nan,nan,nan,,Optimization error: 
POLAK6,5,4,False,-71.09615749700059,61.00112627344852,299,0.0347590446472168,3,Infeasible solution
PORTFL1,12,1,True,0.0204904973265799,2.2213739567233937e-07,69,0.007923126220703125,3,Function tolerance reached
PORTFL2,12,1,True,0.029704448359108165,2.475585405559144e-07,77,0.006449222564697266,3,Function tolerance reached
PORTFL3,12,1,True,0.0327648722620754,2.357730793378643e-07,84,0.007012605667114258,3,Function tolerance reached
PORTFL4,12,1,True,0.02631533107550018,1.8263321213685124e-07,73,0.005563020706176758,3,Function tolerance reached
PORTFL6,12,1,True,0.02579407826145011,2.538905557736282e-07,74,0.006066799163818359,3,Function tolerance reached
POWELLBS,2,2,False,0.0,4396.872086959285,77,0.0019288063049316406,3,Infeasible solution
POWELLBSLS,2,0,True,3.28855591043206e-07,0.0,97,0.0007715225219726562,3,Function tolerance reached
POWELLSE,4,4,False,0.0,12.844675876922034,71,0.004876375198364258,3,Infeasible solution
POWELLSQ,2,2,True,0.0,9.932911019883971e-07,132,0.003000974655151367,3,Function tolerance reached
POWELLSQLS,2,0,True,1.548040341800344e-13,0.0,55,0.00031304359436035156,3,Function tolerance reached
POWERSUM,4,0,True,4.050302099650143e-06,0.0,107,0.001569509506225586,3,Function tolerance reached
POWERSUMB,4,0,True,0.0004287521416794461,0.0,189,0.0029115676879882812,3,Function tolerance reached
POWERSUMNE,4,4,False,0.0,6.426672800123383,24,0.0015952587127685547,3,Infeasible solution
PRICE3,2,0,True,4.918084249838842e-09,0.0,26,0.00019240379333496094,3,Function tolerance reached
PRICE3B,2,0,True,0.007415393938849588,0.0,31,0.00024771690368652344,3,Function tolerance reached
PRICE3NE,2,2,False,0.0,1.34566608316462,38,0.0010688304901123047,3,Infeasible solution
PRICE4,2,0,True,2.0293826236890274e-08,0.0,24,0.000263214111328125,3,Function tolerance reached
PRICE4B,2,0,True,0.04614468652550204,0.0,15,0.00013494491577148438,3,Function tolerance reached
PRICE4NE,2,2,False,0.0,11.763416930806425,29,0.0007877349853515625,3,Infeasible solution
PRIMAL1,325,85,False,-40.025653484215574,750.0967204768586,93,10.495698928833008,3,Infeasible solution
PRIMALC1,230,9,False,-1146740.2846394612,5121238.375542801,103,1.0021061897277832,3,Infeasible solution
PRIMALC2,231,7,False,-42327.8279607179,280624.36966706254,143,1.2088420391082764,4,Infeasible solution
PRIMALC5,287,8,False,-12873.516936202364,73509.35150131701,114,1.3467557430267334,3,Infeasible solution
PROBPENL,500,0,True,6200100.000077724,0.0,2,1.5297231674194336,4,Parameter tolerance reached
PRODPL0,60,29,False,0.0,10.635767814314113,3,0.014063835144042969,3,Infeasible solution
PRODPL1,60,29,False,0.0,10.635767814314113,3,0.016637086868286133,3,Infeasible solution
PSPDOC,4,0,False,nan,nan,nan,nan,,Optimization error: 
PT,2,501,False,0.0,4.0824829046059685,1001,7.4697301387786865,5,Infeasible solution
QC,7,4,True,-956.5377333039573,0.0,5,0.0008635520935058594,3,Function tolerance reached
QCNEW,7,3,False,nan,nan,nan,nan,,Optimization error: 
QING,100,0,True,0.8442871585215432,0.0,420,0.17976021766662598,3,Function tolerance reached
QINGB,5,0,True,3.7445594341607916e-09,0.0,24,0.00034737586975097656,3,Function tolerance reached
QINGNE,100,100,False,0.0,564.4014528684348,27,0.7714393138885498,3,Infeasible solution
QPCBLEND,83,74,False,-4.561685516429009,10.086045588209442,147,2.162316083908081,3,Infeasible solution
QPCBOEI1,384,351,False,0.0,4050.3597911173274,38,31.245423793792725,6,Infeasible solution
QPCBOEI2,143,166,False,12.381635629306109,9938.340107800785,157,19.197816848754883,3,Infeasible solution
QPCSTAIR,385,356,False,204467.90720948533,270.7373117997575,6,3.709702730178833,3,Infeasible solution
QPNBLEND,83,74,False,-5.2780444741395,12.06870051303457,78,1.3288683891296387,3,Infeasible solution
QPNBOEI1,384,351,False,nan,nan,nan,nan,,Optimization error: 
QPNBOEI2,143,166,False,nan,nan,nan,nan,,Optimization error: 
QPNSTAIR,385,356,False,-5.922133475300316e+30,5840722568858281.0,10,9.51268196105957,3,Infeasible solution
QR3DBD,457,610,False,0.0,2.4849547279578355,3,2.0740294456481934,3,Infeasible solution
RAT42,3,9,False,0.0,41.42795889875053,109,0.005934476852416992,3,Infeasible solution
RAT42LS,3,0,True,18223.4202,0.0,14,8.273124694824219e-05,3,Function tolerance reached
RAT43,4,15,False,0.0,1540.783292225094,15,0.003758668899536133,3,Infeasible solution
RAT43LS,4,0,True,1076461.5963733331,0.0,30,0.0002799034118652344,3,Function tolerance reached
READING6,101,50,False,nan,nan,nan,nan,,Optimization error: 
RECIPE,3,3,False,0.0,29.194002609194946,67,0.002800464630126953,3,Infeasible solution
RECIPELS,3,0,True,1.3355200526730634e-10,0.0,16,0.00017118453979492188,3,Function tolerance reached
RES,20,14,False,0.0,104.3030474847447,35,0.031600236892700195,3,Infeasible solution
RK23,17,11,False,0.0,0.6762505381251857,26,0.01557016372680664,4,Infeasible solution
ROBOT,7,2,False,2.9916875787410184,1.1007833030272314,136,0.007498502731323242,3,Infeasible solution
ROSENBR,2,0,True,6.849350788852783e-16,0.0,60,0.0004875659942626953,3,Function tolerance reached
ROSENBRTU,2,0,True,100.98849826733024,0.0,4,5.1975250244140625e-05,3,Function tolerance reached
ROSENMMX,5,4,False,-71.65861148626122,73.86038486718324,136,0.015490293502807617,3,Infeasible solution
ROSZMAN1,4,25,False,0.0,22.348579599486406,7,0.002184152603149414,3,Infeasible solution
ROSZMAN1LS,4,0,True,0.1568669668988514,0.0,18,0.00023818016052246094,3,Function tolerance reached
RSNBRNE,2,2,True,0.0,2.2232198742534223e-15,92,0.002177000045776367,3,Function tolerance reached
S268,5,5,True,2.273951395181939e-06,0.0,39,0.004761219024658203,3,Function tolerance reached
S277-280,4,4,False,4.038134921660494,0.7881935964458142,90,0.009609460830688477,3,Infeasible solution
S308,2,0,True,0.7731993797651562,0.0,16,0.00026702880859375,3,Function tolerance reached
S308NE,2,3,False,0.0,45.343998731608345,51,0.002348184585571289,3,Infeasible solution
S316-322,2,1,True,334.31441726209425,8.629751671040964e-07,102,0.0022270679473876953,3,Function tolerance reached
S365,7,5,False,nan,nan,nan,nan,,Optimization error: 
S365MOD,7,5,False,nan,nan,nan,nan,,Optimization error: 
S368,8,0,True,-0.7499986919394888,0.0,8,0.0012021064758300781,3,Function tolerance reached
SANTA,21,23,False,0.0,1.2626835481472831,50,0.10252070426940918,3,Infeasible solution
SANTALS,21,0,True,0.0005966317856854749,0.0,56,0.0071909427642822266,3,Function tolerance reached
SCW1,7,8,False,-255.99012465995526,5.46236890544735,16,0.004442930221557617,3,Infeasible solution
SENSORS,100,0,True,-2106.787417160519,0.0,185,9.419352769851685,3,Function tolerance reached
SIM2BQP,1,0,False,nan,nan,nan,nan,,Optimization error: 
SIMBQP,2,0,False,nan,nan,nan,nan,,Optimization error: 
SIMPLLPA,2,2,False,0.7500000000033562,0.2499999999966438,34,0.0008556842803955078,3,Infeasible solution
SIMPLLPB,2,3,False,0.8999999999872468,0.7211102551045881,114,0.0034704208374023438,3,Infeasible solution
SINEVAL,2,0,True,1.687887550146007e-37,0.0,124,0.0009551048278808594,3,Function tolerance reached
SINVALNE,2,2,False,0.0,10.0,46,0.0013298988342285156,3,Infeasible solution
SISSER,2,0,True,1.8963951915942697e-25,0.0,501,0.002249002456665039,3,Function tolerance reached
SMBANK,117,64,False,-5517679.727713712,1306864.8856316223,282,4.832100868225098,3,Infeasible solution
SNAIL,2,0,True,6.233583202624826e-22,0.0,33,0.00022649765014648438,3,Function tolerance reached
SNAKE,2,2,False,-774568442394.7299,590214473188.3337,21,0.0010225772857666016,3,Infeasible solution
SPANHYD,81,33,False,nan,nan,nan,nan,,Optimization error: 
SPECAN,9,0,True,1.3826001270971117e-05,0.0,56,0.25033998489379883,3,Function tolerance reached
SPIN2,102,100,False,0.0,180.50453635161756,30,1.232283592224121,3,Infeasible solution
SPIN2LS,102,0,True,0.14057072189130743,0.0,449,1.0705466270446777,3,Function tolerance reached
SPIN2OP,102,100,False,6.16456019834508e-27,182.25563825084203,43,1.3634960651397705,4,Infeasible solution
SPIRAL,3,2,False,-3.9035770699239563e-17,7.821702028852595e-17,1001,0.03449082374572754,5,Optimization failed
SSEBLIN,192,72,False,-165000.00000035448,4352.936493663163,74,3.977602005004883,3,Infeasible solution
SSEBNLN,192,96,False,-840000.0,4419.341013499638,3,0.2087996006011963,3,Infeasible solution
SSI,3,0,True,1.1426618809891067e-05,0.0,501,0.005498647689819336,3,Function tolerance reached
SSINE,3,2,False,0.0,4.673881172370831,53,0.003198385238647461,3,Infeasible solution
STANCMIN,3,2,False,3.999998166132048,1.0000015718873647,179,0.015443563461303711,3,Infeasible solution
STATIC3,434,96,False,nan,nan,nan,nan,,Optimization error: 
STEENBRA,432,108,False,0.0,5504.543577809154,3,1.281095266342163,3,Infeasible solution
STEENBRB,468,108,False,1.6400000000000001,5504.543577809154,42,10.042025566101074,3,Infeasible solution
STEENBRD,468,108,False,nan,nan,nan,nan,,Optimization error: 
STEENBRF,468,108,False,1.5400000000000003,5504.543577809154,33,11.093860626220703,3,Infeasible solution
STRATEC,10,0,True,-1.6971788788966138e+16,0.0,74,0.3397982120513916,3,Function tolerance reached
STREG,4,0,True,4297.914207106686,0.0,26,0.00025916099548339844,3,Function tolerance reached
STREGNE,4,2,True,3.6371338477268746e-45,0.0,13,0.00047969818115234375,3,Function tolerance reached
STRTCHDV,10,0,True,1.0055208870744004e-09,0.0,53,0.002402782440185547,3,Function tolerance reached
STRTCHDVB,10,0,True,2.01144064027003e-09,0.0,29,0.0014178752899169922,3,Function tolerance reached
STRTCHDVNE,10,9,False,0.0,2.3752378632316433,21,0.006906986236572266,3,Infeasible solution
SUPERSIM,2,2,False,8.438638018106371e-16,2.0000000000000044,83,0.001767873764038086,4,Infeasible solution
SWOPF,83,92,False,-1118498578339.759,2.6690446825890416e+22,354,3.7466061115264893,3,Infeasible solution
SYNTHES1,6,6,False,-2.9048035381047637,1.2192077650826247,11,0.0025370121002197266,3,Infeasible solution
SYNTHES2,11,14,False,-75.41085283787918,17.571644285872818,35,0.027916908264160156,3,Infeasible solution
SYNTHES3,17,23,False,-202.38041240462374,12.58726732979621,12,0.022849321365356445,3,Infeasible solution
TAME,2,1,True,0.0,3.552713678800501e-15,80,0.0012056827545166016,3,Function tolerance reached
TARGUS,162,63,False,nan,nan,nan,nan,,Optimization error: 
TENBARS1,18,9,False,nan,nan,nan,nan,,Optimization error: 
TENBARS2,18,8,False,nan,nan,nan,nan,,Optimization error: 
TENBARS3,18,8,False,nan,nan,nan,nan,,Optimization error: 
TENBARS4,18,9,False,nan,nan,nan,nan,,Optimization error: 
TFI1,3,101,True,5.334687568618787,0.0,94,0.17545223236083984,3,Function tolerance reached
TFI2,3,101,False,-347331653767.2874,3864463604246.407,28,0.07036781311035156,3,Infeasible solution
TFI3,3,101,False,3.5440812535365755,5.478132113176497,67,0.10677170753479004,3,Infeasible solution
THURBER,7,37,False,0.0,1319.82863751625,59,0.026675701141357422,3,Infeasible solution
THURBERLS,7,0,True,4528124.603575195,0.0,15,0.00022077560424804688,4,Parameter tolerance reached
TOINTGOR,50,0,True,1374.002579161051,0.0,87,0.020797014236450195,3,Function tolerance reached
TOINTPSP,50,0,True,225.56624371174493,0.0,77,0.014844179153442383,3,Function tolerance reached
TOINTQOR,50,0,True,1175.5090541142881,0.0,45,0.00843048095703125,3,Function tolerance reached
TRIGGER,6,6,False,0.0,1.0971184347600933,110,0.006940364837646484,3,Infeasible solution
TRIGON1,10,0,True,1.104836640718022e-18,0.0,62,0.001638174057006836,3,Function tolerance reached
TRIGON1B,10,0,True,2.3101080549371093e-12,0.0,48,0.0014314651489257812,3,Function tolerance reached
TRIGON1NE,10,10,False,0.0,1.4961531526212735,12,0.004462003707885742,3,Infeasible solution
TRIGON2,10,0,True,2.9666576479421605,0.0,67,0.0017976760864257812,3,Function tolerance reached
TRIGON2B,10,0,True,2.9666576479421605,0.0,67,0.001699686050415039,3,Function tolerance reached
TRIGON2NE,10,31,False,0.0,7.126313666285354,67,0.04482221603393555,3,Infeasible solution
TRIMLOSS,142,75,False,0.0,18.587651019236322,15,1.055176019668579,4,Infeasible solution
TRO11X3,150,61,False,-153158463816.25394,11288194301.106087,516,5.466137170791626,3,Infeasible solution
TRO3X3,30,13,False,-153158463816.25394,56441027424.121086,550,0.21562480926513672,3,Infeasible solution
TRO4X4,63,25,False,-153158463816.25394,58729230753.613556,566,0.8470413684844971,3,Infeasible solution
TRO5X5,108,41,False,-153158463816.24814,59761040476.71767,566,2.471947193145752,3,Infeasible solution
TRO6X2,45,21,False,-153158463816.25394,10159365288.164412,467,0.41248297691345215,3,Infeasible solution
TRUSPYR1,11,4,False,nan,nan,nan,nan,,Optimization error: 
TRUSPYR2,11,11,False,nan,nan,nan,nan,,Optimization error: 
TRY-B,2,1,True,1.0,0.0,125,0.0010559558868408203,3,Function tolerance reached
TWIRISM1,343,313,False,-1.2,0.23014384962895126,5,2.202458620071411,3,Infeasible solution
TWOBARS,2,2,False,0.2009975124224178,10.215661193170913,12,0.0004470348358154297,3,Infeasible solution
VANDANIUMS,22,10,False,0.0,22.272641065757213,76,0.06136488914489746,3,Infeasible solution
VANDANMSLS,22,0,True,12.144607143120176,0.0,5,0.0008890628814697266,3,Function tolerance reached
VANDERM1,100,199,False,0.0,10.600055685476185,71,4.734334945678711,3,Infeasible solution
VANDERM2,100,199,False,0.0,10.600055685476185,71,4.7115302085876465,3,Infeasible solution
VANDERM3,100,199,False,0.0,27.461702465785848,71,4.729689836502075,3,Infeasible solution
VANDERM4,100,199,False,0.0,4.149096187707581e+63,71,4.740221261978149,3,Infeasible solution
VARDIM,200,0,True,3.2565422800090564e+16,0.0,26,0.023592710494995117,4,Parameter tolerance reached
VARDIMNE,10,12,True,0.0,0.0007014210026709474,66,0.026117563247680664,3,Function tolerance reached
VESUVIALS,8,0,True,3359.764801254942,0.0,23,0.010111331939697266,4,Parameter tolerance reached
VESUVIOLS,8,0,True,3359.764801254942,0.0,501,0.4953477382659912,4,Parameter tolerance reached
VESUVIOULS,8,0,True,1.6510732406215207,0.0,501,0.5094184875488281,4,Parameter tolerance reached
VIBRBEAM,8,0,True,8231.275067268562,0.0,96,0.0033426284790039062,4,Parameter tolerance reached
VIBRBEAMNE,8,30,False,0.0,40.36640286099124,270,0.07693147659301758,3,Infeasible solution
WACHBIEG,3,2,False,0.49999999999758454,1.7500000000024154,115,0.001844644546508789,3,Infeasible solution
WATER,31,10,False,0.0,1229.0646850349253,502,0.5957295894622803,3,Infeasible solution
WATSON,12,0,True,1.5804361249190637e-07,0.0,60,0.003819704055786133,3,Function tolerance reached
WATSONNE,12,31,False,0.0,1.2664345770535481,12,0.014459848403930664,3,Infeasible solution
WAYSEA1,2,0,True,0.3120907368636185,0.0,42,0.000209808349609375,3,Function tolerance reached
WAYSEA1B,2,0,True,369668.35830049583,0.0,8,6.818771362304688e-05,3,Function tolerance reached
WAYSEA1NE,2,2,False,0.0,357.80966400341134,95,0.001976490020751953,3,Infeasible solution
WAYSEA2,2,0,True,4.374879296593141e-13,0.0,47,0.00037670135498046875,3,Function tolerance reached
WAYSEA2B,2,0,True,2.1682992363242292e-16,0.0,54,0.0004208087921142578,3,Function tolerance reached
WAYSEA2NE,2,2,False,0.0,1.8401250000000005,44,0.0008840560913085938,3,Infeasible solution
WEEDS,3,0,True,2.5872782803973156,0.0,75,0.0009021759033203125,3,Function tolerance reached
WEEDSNE,3,12,False,0.0,202.44543699838354,13,0.0019354820251464844,3,Infeasible solution
WOMFLET,3,3,False,-23089537915.31343,1.4140556075289862e+20,107,0.004906177520751953,3,Infeasible solution
YFIT,3,0,True,1.9865124520330294e-06,0.0,106,0.0015206336975097656,3,Function tolerance reached
YFITNE,3,17,False,0.0,18.971915606950585,30,0.005470991134643555,3,Infeasible solution
YFITU,3,0,True,1.9865124520330294e-06,0.0,106,0.0016155242919921875,3,Function tolerance reached
YORKNET,312,256,False,nan,nan,nan,nan,,Optimization error: 
ZAMB2-10,264,96,False,nan,nan,nan,nan,,Optimization error: 
ZAMB2-11,264,96,False,nan,nan,nan,nan,,Optimization error: 
ZAMB2-8,132,48,False,nan,nan,nan,nan,,Optimization error: 
ZAMB2-9,132,48,False,nan,nan,nan,nan,,Optimization error: 
ZANGWIL2,2,0,True,-18.20000000910001,0.0,10,0.00010704994201660156,3,Function tolerance reached
ZANGWIL3,3,3,False,0.0,151.01508382710404,87,0.003656148910522461,3,Infeasible solution
ZECEVIC2,2,2,False,nan,nan,nan,nan,,Optimization error: 
ZECEVIC3,2,2,False,nan,nan,nan,nan,,Optimization error: 
ZECEVIC4,2,2,False,nan,nan,nan,nan,,Optimization error: 
ZY2,3,2,True,1.999999999311388,2.7544508895971376e-09,27,0.0010139942169189453,3,Function tolerance reached
