problem,n,m,status,obj,constraint,iter,count_cost,total_time,message
3PK,30,0,0,4.590585113689713,0.0,4,1011,0.06714057922363281,
A4X12,115,385,0,0.0,1.0,5,1084,0.6739034652709961,
ACOPP118,344,608,0,148518.83067008713,0.4213626324185278,1,1035,1.2242155075073242,
ACOPP14,38,68,1,9109.712281105847,5.05910709254841e-07,4,1004,0.09630870819091797,
ACOPP30,72,142,0,587.0833743360172,0.01823820233684456,3,1039,0.22480392456054688,
ACOPP57,128,274,0,43722.07657493804,0.21912586128516293,1,1034,0.36139488220214844,
ACOPR118,344,726,0,171609.338023468,15.186403405023183,2,1037,1.274275302886963,
ACOPR14,38,82,-3,13212.615257502,3.866868190163715,6,521,0.05002546310424805,
ACOPR30,72,172,0,579.3724090960995,0.034041745324758586,2,1031,0.23574328422546387,
ACOPR57,128,331,0,33527.10693311946,7.5466133914557965,4,1054,0.3866574764251709,
AGG,163,488,0,1.0131450000000001e+23,5.5658283452411364e+22,3,1000,0.8995070457458496,
AIRCRFTA,5,5,1,0.0,0.0009125070768094157,15,195,0.01277613639831543,
AIRCRFTB,5,0,1,1.3414829879048698e-06,0.0,3,152,0.006351470947265625,
AIRPORT,84,42,0,4.100000000000002e-09,259.29040014826296,6,1070,0.2667226791381836,
AKIVA,2,0,-3,-inf,0.0,6,88,0.007354259490966797,
ALLINIT,3,0,1,3.906249998437381e+117,0.0,6,91,0.00855708122253418,
ALLINITA,3,4,-3,3.906249998437501e+117,3.535533905932738e+39,6,101,0.03047490119934082,
ALLINITC,3,1,-3,3.90625e+157,2.5e+39,6,61,0.007331132888793945,
ALLINITU,4,0,1,5.744385006772456,0.0,2,51,0.006074190139770508,
ALSOTAME,2,1,1,0.0820822295292423,0.00010571618584247158,4,49,0.0071680545806884766,
ANTWERP,27,10,0,2.0948876510982294e+41,1.2807160305304748,16,1018,0.08835029602050781,
ARGAUSS,3,15,1,0.0,0.0001068886530807909,13,107,0.015045881271362305,
ARGLALE,200,400,0,0.0,14.142155704219498,4,1005,2.1575992107391357,
ARGLBLE,200,400,0,0.0,9.981256754713172,3,1005,0.7333874702453613,
ARGLCLE,200,399,0,-1.0,10.006271563093485,3,1005,0.6461610794067383,
ARGLINA,200,0,1,200.0000000075905,0.0,2,1007,0.43373537063598633,
ARGLINB,200,0,1,8651224509960400.0,0.0,5,1050,0.45665550231933594,
ARGLINC,200,0,1,8352671057963401.0,0.0,5,1050,0.48121023178100586,
ARGTRIG,200,200,0,0.0,0.003729998163114731,3,1009,0.6026241779327393,
ARGTRIGLS,200,0,1,66.33150418212404,0.0,5,1050,0.522878885269165,
ARWHDNE,500,998,0,0.0,13.968543963204283,1,1002,2.889551877975464,
AVGASA,8,10,0,nan,0.0,37,1000,0.04850268363952637,
AVGASB,8,10,0,nan,0.0,37,1000,0.05364227294921875,
AVION2,49,15,0,167975064.39151233,0.0009927829027282626,2,1000,0.20133209228515625,
BA-L1,57,12,1,0.0,4.558019359025582e-05,3,581,0.07928752899169922,
BA-L1LS,57,0,1,127376.85139337697,0.0,6,415,0.05726957321166992,
BA-L1SP,57,12,1,0.0,6.865232420254153e-05,3,523,0.09547615051269531,
BA-L1SPLS,57,0,1,127376.85120444256,0.0,6,415,0.040686845779418945,
BARD,3,0,1,0.01231335763000487,0.0,3,77,0.006123065948486328,
BARDNE,3,15,0,0.0,0.09441212687390428,105,1000,0.0912773609161377,
BATCH,48,73,0,183397.93498049988,1907.6359636386405,10,1021,0.15207314491271973,
BEALE,2,0,1,7.513242598279658e-09,0.0,3,54,0.007453441619873047,
BEALENE,2,3,1,0.0,0.00024104721504855753,11,79,0.010171175003051758,
BENNETT5,3,154,0,0.0,0.023218220928450987,102,1000,1.759239673614502,
BENNETT5LS,3,0,-3,65993.74648815148,0.0,12,133,0.013261556625366211,
BIGGS3,3,0,1,2.45662340343161e-07,0.0,3,65,0.005530595779418945,
BIGGS5,5,0,1,0.010645052971344982,0.0,4,198,0.008391857147216797,
BIGGS6,6,0,1,0.006334046655149186,0.0,5,214,0.009902477264404297,
BIGGS6NE,6,13,0,0.0,0.39306576678942756,64,1000,0.07718729972839355,
BIGGSC4,4,7,1,-24.49977406806791,0.0,3,66,0.01005244255065918,
BLEACHNG,9,0,1,18236.29245869989,0.0,8,275,47.44725227355957,
BOOTH,2,2,0,0.0,0.009428580745436631,79,1000,0.03521728515625,
BOX2,2,0,1,2.7336502265072947e-05,0.0,2,39,0.004889011383056641,
BOX3,3,0,1,1.171775496379176e-06,0.0,2,38,0.004677772521972656,
BOX3NE,3,10,0,0.0,0.03886352448611933,107,1000,0.0643010139465332,
BOXBOD,2,6,-3,0.0,431.72012503757804,6,49,0.008142709732055664,
BOXBODLS,2,0,1,9771.50000000015,0.0,2,31,0.0038101673126220703,
BQP1VAR,1,0,1,9.059518843993886e-06,0.0,2,21,0.005772590637207031,
BQPGABIM,46,0,1,-9.716600000000001e-07,0.0,1,49,0.004961490631103516,
BQPGASIM,50,0,1,-6.812079040235239e-06,0.0,1,53,0.005647182464599609,
BRANIN,2,0,1,0.3978873602074965,0.0,2,36,0.005750894546508789,
BRITGAS,450,360,0,5.460675360081967e+20,2.0408556558875023e+55,2,1355,3.2497847080230713,
BRKMCC,2,0,1,0.1690426846395982,0.0,2,26,0.004953622817993164,
BROWNAL,200,0,1,2009949.5420478897,0.0,5,1050,0.6426835060119629,
BROWNALE,200,200,0,0.0,0.019236237796497836,3,1005,0.4505951404571533,
BROWNBS,2,0,1,24.069470580941697,0.0,9,153,0.010221242904663086,
BROWNBSNE,2,3,0,0.0,332950.64310370036,79,1000,0.0373227596282959,
BROWNDEN,4,0,1,7926683.1543114465,0.0,6,97,0.005930185317993164,
BROWNDENE,4,20,0,0.0,554.8355464648337,82,1000,0.0670015811920166,
BT1,2,1,1,-0.999790157907808,1.881367965995799e-08,10,139,0.007927179336547852,
BT10,2,2,1,-0.9997641051646948,0.0003259672332874403,15,115,0.01182246208190918,
BT11,5,3,1,0.8246395262980786,0.0002966074686491158,5,149,0.01933145523071289,
BT12,5,3,1,6.188118811935782,7.749772500143521e-07,5,161,0.01304936408996582,
BT13,5,1,1,3.366299743001415e-28,0.0009650993183055486,8,427,0.015072107315063477,
BT2,3,1,1,0.03256820131896354,5.417802473317579e-08,10,224,0.008855819702148438,
BT3,5,3,1,4.093009826932205,1.0014036252073213e-05,2,43,0.00916600227355957,
BT4,3,2,1,-24.762130644994304,0.0004025607095240469,21,567,0.02191758155822754,
BT5,3,2,1,952.14416897399,0.0003224868372946333,29,412,0.0182344913482666,
BT6,5,2,1,0.27703768356496666,0.00019891324963134156,5,154,0.012676000595092773,
BT7,5,3,1,306.34219815460284,0.00021255068393233586,22,1002,0.036040544509887695,
BT8,5,2,1,0.9994376570944169,0.0005927322936093829,5,158,0.011467933654785156,
BT9,4,2,1,-1.0000008765247184,3.7649259839152695e-05,7,194,0.012334585189819336,
BURKEHAN,1,1,0,-5e+19,2.5e+39,72,1000,0.05779314041137695,
BYRDSPHR,3,2,0,-5.00001,17.46424922041025,56,1000,0.03306126594543457,
C-RELOAD,342,284,0,-1.1099999999999999,9.948954506002125e+20,2,1039,1.0198895931243896,
CAMEL6,2,0,1,-1.031628210413649,0.0,2,36,0.004588127136230469,
CANTILVR,5,1,0,0.312000624,123.99817003659939,46,1002,0.03390693664550781,
CB2,3,3,0,1.00001,19.026287078676177,56,1000,0.0672292709350586,
CB3,3,3,0,1.00001,19.026287078676177,56,1000,0.03315401077270508,
CERI651A,7,61,-3,0.0,101.47336228101932,6,157,0.020580291748046875,
CERI651ALS,7,0,1,10305.147765233318,0.0,6,1004,0.030863523483276367,
CERI651B,7,66,-3,0.0,21.170575866733312,6,157,0.023803234100341797,
CERI651BLS,7,0,1,448.4547438771551,0.0,6,1004,0.03461289405822754,
CERI651C,7,56,-3,0.0,10.62630100807422,6,157,0.019432544708251953,
CERI651CLS,7,0,1,112.94928713536257,0.0,6,1004,0.03498339653015137,
CERI651D,7,67,-3,0.0,5.2937473159444846,10,221,0.1742079257965088,
CERI651DLS,7,0,1,28.023837600076092,0.0,6,763,0.026072978973388672,
CERI651E,7,64,0,0.0,4.914065890609223,49,1000,0.28499889373779297,
CERI651ELS,7,0,1,27.494675668546716,0.0,6,925,0.0351262092590332,
CHACONN1,3,3,0,0.0,5.5417566701038625,56,1000,0.04196786880493164,
CHACONN2,3,3,0,1e-05,20.099740296834682,56,1000,0.06124138832092285,
CHANDHEQ,100,100,0,0.0,1.285873338209797,5,1010,0.28995370864868164,
CHANDHEU,500,500,0,0.0,1.825846980240401,1,1002,3.9850058555603027,
CHEBYQAD,100,0,0,0.013023316848978698,0.0,1,1050,0.5971412658691406,
CHEBYQADNE,100,100,0,0.0,0.12751416943146357,5,1013,0.7532334327697754,
CHNROSNB,50,0,0,100.37023159149348,0.0,2,1043,0.1047506332397461,
CHNRSBNE,50,98,0,0.0,6.474830954774404,10,1025,0.14765334129333496,
CHNRSNBM,50,0,0,223.41753936023918,0.0,2,1000,0.20191001892089844,
CHNRSNBMNE,50,98,0,0.0,6.397740716694097,10,1025,0.16643571853637695,
CHWIRUT1,3,214,0,0.0,49.066572577287495,88,1001,3.376326322555542,
CHWIRUT1LS,3,0,1,50068.64891449799,0.0,6,91,0.006299257278442383,
CHWIRUT2,3,54,-3,0.0,22.706134486587622,53,477,0.1360781192779541,
CHWIRUT2LS,3,0,1,14794.790154797307,0.0,6,91,0.005528926849365234,
CLEUVEN7,360,946,0,1.9912591285663497e+38,1.8353766772590277e+22,2,1093,3.016725540161133,
CLIFF,2,0,1,484777217.4658734,0.0,6,787,0.018093347549438477,
CLUSTER,2,2,0,0.0,0.010438185168846934,292,1000,0.06651616096496582,
CLUSTERLS,2,0,1,1.3819075930748034e-05,0.0,2,25,0.005208015441894531,
COATING,134,0,1,14981.054583983307,0.0,6,877,0.26363539695739746,
COATINGNE,134,252,0,0.0,4.513079325189024,4,1091,0.5341944694519043,
CONCON,15,11,-3,2e+20,5e+39,6,205,0.02192234992980957,
CONGIGMZ,3,5,0,2.00001,23.57964206683808,56,1000,0.04681968688964844,
COOLHANS,9,9,0,0.0,0.005873257303898789,49,1008,0.05627083778381348,
COOLHANSLS,9,0,1,902787.0904686218,0.0,6,127,0.007009744644165039,
CORE1,65,59,-3,75.77039999999998,1.5e+20,6,845,0.1631479263305664,
CORE2,157,134,0,67.520825,1.414213562320062e+30,4,1128,0.6044509410858154,
CRESC100,6,200,-3,nan,0.0,25,558,0.24661540985107422,
CRESC4,6,8,0,2.8821855788993394,3331.2624690662033,42,1000,0.04219388961791992,
CRESC50,6,100,-3,nan,0.0,25,558,0.07348990440368652,
CSFI1,5,4,-3,-5e+19,2.6041666666666668e+57,6,125,0.013073921203613281,
CSFI2,5,4,-3,5e+19,2.6041666666666668e+57,6,125,0.02819538116455078,
CUBE,2,0,1,2.494257832815164e-06,0.0,4,127,0.007848024368286133,
CUBENE,2,2,1,0.0,0.00026070470495871055,41,247,0.018856287002563477,
DALLASM,196,151,0,-33231.240821948704,22.94070279886518,1,1182,0.46570515632629395,
DALLASS,46,31,1,-19876.539188265422,2.8327906137089467e-05,8,1025,0.15101027488708496,
DANIWOOD,2,6,0,0.0,0.06846612295916638,107,1000,0.041697025299072266,
DANIWOODLS,2,0,1,103.917818,0.0,2,32,0.0046176910400390625,
DANWOOD,2,6,0,0.0,0.06754045030010956,97,1000,0.04179835319519043,
DANWOODLS,2,0,-3,149.71921907712198,0.0,12,121,0.00894474983215332,
DECONVB,51,0,0,2.586847216483472e+34,0.0,3,1001,0.3305516242980957,
DECONVBNE,51,40,-3,0.0,4.752302073732266e+21,6,637,0.20430493354797363,
DECONVC,51,1,-3,2.509375e+82,2.75e+40,6,637,0.15294694900512695,
DECONVNE,51,40,1,0.0,1.9909697839363935e-06,4,420,0.05658388137817383,
DECONVU,51,0,0,0.07447292174239789,0.0,2,1010,0.08414268493652344,
DEGENLPA,20,15,1,3.093608210865372,7.220605727186203e-13,10,589,0.05419039726257324,
DEGENLPB,20,15,1,-30.729873538707338,9.020509883876785e-05,11,589,0.034026384353637695,
DEMBO7,16,20,0,1317.7860654201077,1067.7861649140505,23,1002,0.06942462921142578,
DEMYMALO,3,3,0,1e-05,8.485267232102947,56,1000,0.033385515213012695,
DENSCHNA,2,0,1,5.280599683485447e-11,0.0,2,30,0.005011558532714844,
DENSCHNB,2,0,1,2.709728240146717e-12,0.0,2,33,0.005089521408081055,
DENSCHNBNE,2,3,1,0.0,0.00043528260007772644,12,88,0.013665199279785156,
DENSCHNC,2,0,1,0.1833616874833811,0.0,3,59,0.00551605224609375,
DENSCHNCNE,2,2,1,0.0,0.0007992660230784614,11,77,0.010471820831298828,
DENSCHND,3,0,1,83209818.39935376,0.0,6,91,0.0054051876068115234,
DENSCHNDNE,3,3,1,0.0,0.0003595573904838799,15,141,0.011959075927734375,
DENSCHNE,3,0,1,0.9993223631823758,0.0,2,48,0.005372524261474609,
DENSCHNENE,3,3,0,0.0,0.3389980822581178,68,1002,0.0421748161315918,
DENSCHNF,2,0,1,9.390896894621611e-08,0.0,2,47,0.004569292068481445,
DENSCHNFNE,2,2,1,0.0,0.00025792122484589325,9,69,0.012666702270507812,
DEVGLA1,4,0,-3,105125.53783462575,0.0,12,145,0.0064830780029296875,
DEVGLA1B,4,0,1,4.637837574893289e-05,0.0,5,205,0.008151531219482422,
DEVGLA1NE,4,24,-3,0.0,324.23068613970787,6,121,0.015090703964233398,
DEVGLA2,5,0,-3,10938.134795881138,0.0,12,157,0.01281428337097168,
DEVGLA2B,5,0,1,3775675.080142134,0.0,7,135,0.013897180557250977,
DEVGLA2NE,5,16,-3,0.0,104.5855381775183,6,133,0.0161130428314209,
DGOSPEC,3,0,1,-996.9231088389822,0.0,2,47,0.003919839859008789,
DIAMON2DLS,66,0,1,13124.896560086334,0.0,2,472,0.907606840133667,
DIAMON3DLS,99,0,1,12673.863488857796,0.0,2,703,1.7526423931121826,
DIPIGRI,7,4,1,680.6344452512592,0.00014323486331462493,14,370,0.01962733268737793,
DISC2,29,23,0,1.5,304.0001767435194,15,1010,0.11449193954467773,
DISCS,33,66,-3,6e+20,8.124038404635953e+40,6,461,0.05019688606262207,
DIXCHLNG,10,5,0,313463.8455981915,3.332333786627028e-06,24,1000,0.03730297088623047,
DJTL,2,0,1,-6350.805499097186,0.0,7,109,0.006995439529418945,
DMN15102LS,66,0,1,13124.896560086334,0.0,2,472,0.9574024677276611,
DMN15103LS,99,0,1,12673.863488857796,0.0,2,703,1.8986592292785645,
DMN15332LS,66,0,1,1963.4903925533044,0.0,2,551,1.1195030212402344,
DMN15333LS,99,0,0,1874.9821775921146,0.0,1,1007,2.6774168014526367,
DMN37142LS,66,0,1,429.94190108412977,0.0,2,614,1.1867084503173828,
DMN37143LS,99,0,0,379.24535786591724,0.0,1,1016,2.500997543334961,
DNIEPER,57,24,1,18745.354128320556,0.0001335496072965757,3,1044,0.14997029304504395,
DUAL1,85,1,0,0.05339231476551717,1.000477538913927e-05,2,1038,0.24033856391906738,
DUAL2,96,1,0,0.04206515929195527,9.991436688746788e-06,2,1075,0.20840978622436523,
DUAL3,111,1,0,0.171645443592727,1.0006909328926297e-05,2,1015,0.21620845794677734,
DUAL4,75,1,1,0.7728028583415323,1.0000542224946826e-05,3,1000,0.103118896484375,
DUALC1,9,215,0,2727153.796290744,236.94786243077633,34,1000,0.6225428581237793,
DUALC2,7,229,-3,327451.72160285496,266.0108979923991,35,903,0.7003066539764404,
DUALC5,8,278,1,427.31024009340126,6.016731557423327e-11,3,201,0.4966413974761963,
DUALC8,8,503,0,2174012.1468976997,137.21795429481776,36,1000,4.147593975067139,
ECKERLE4,3,35,0,0.0,0.8364040445766638,96,1000,0.21039867401123047,
ECKERLE4LS,3,0,1,0.699696093314702,0.0,2,19,0.0055196285247802734,
EG1,3,0,1,-1.4292968481766388,0.0,3,54,0.006492137908935547,
EGGCRATE,2,0,1,9.488197340499392,0.0,2,33,0.006479978561401367,
EGGCRATEB,2,0,1,9.488198142830933,0.0,2,31,0.006291389465332031,
EGGCRATENE,2,4,0,0.0,3.0833097529992353,81,1000,0.05326986312866211,
EIGMAXA,101,101,0,-0.8314211537487701,0.999999999696415,7,1020,0.25775861740112305,
EIGMAXB,101,101,0,-0.2291115426406024,0.26098398661068317,6,1025,0.35581040382385254,
EIGMAXC,202,202,0,-0.010874656770564869,0.9999999935400897,4,1015,0.6836147308349609,
EIGMINA,101,101,0,-0.021482989301958983,0.999999999812679,7,1020,0.315859317779541,
EIGMINB,101,101,0,-0.2464982761576297,0.47018771182436747,6,1025,0.23865985870361328,
EIGMINC,202,202,0,-0.010874656776705209,0.999999993539045,4,1015,0.6613614559173584,
ELATTAR,7,102,-3,nan,0.0,31,759,0.07897710800170898,
ELATVIDU,2,0,1,16002.0,0.0,6,85,0.0052149295806884766,
ELATVIDUB,2,0,1,1.7127803594427329,0.0,3,52,0.004521608352661133,
ELATVIDUNE,2,3,0,0.0,1.3689451193635318,102,1000,0.03461503982543945,
ENGVAL2,3,0,1,4.084692437479579e-05,0.0,4,146,0.005735635757446289,
ENGVAL2NE,3,5,0,0.0,0.0024459290140510983,113,1002,0.03562164306640625,
ENSO,9,168,0,0.0,28.452599197784174,44,1005,1.6210980415344238,
ENSOLS,9,0,1,788.5404934566039,0.0,4,267,0.017119407653808594,
EQC,7,3,0,-827.1588906434467,0.3144566747854757,39,1004,0.03362441062927246,
ERRINBAR,18,9,-3,1.4752098760000002e+21,2.9315098508093876e+39,6,281,0.026086091995239258,
ERRINROS,50,0,1,110178.4322795243,0.0,6,373,0.03214430809020996,
ERRINROSNE,50,98,0,0.0,6.940386117458863,10,1033,0.1317758560180664,
ERRINRSM,50,0,1,152871.45121853577,0.0,6,373,0.02864551544189453,
ERRINRSMNE,50,98,0,0.0,6.86116340592822,10,1040,0.126708984375,
EXP2,2,0,1,3.236440304904765e-07,0.0,2,31,0.004563570022583008,
EXP2B,2,0,1,2.1923187204805653e-06,0.0,2,27,0.0033402442932128906,
EXP2NE,2,10,1,0.0,0.0006453283361814266,33,282,0.02011871337890625,
EXPFIT,2,0,1,0.24051059829612,0.0,2,45,0.00514984130859375,
EXPFITA,5,22,1,29.97794244278256,0.00025,46,1002,0.04440784454345703,
EXPFITB,5,102,1,149.86430837419687,0.00025,46,1002,0.14339590072631836,
EXPFITC,5,502,1,749.3189123201003,0.00025,46,1002,4.759693145751953,
EXPFITNE,2,10,0,0.0,0.4911754411445132,84,1000,0.07573318481445312,
EXTRASIM,2,1,-3,5e+19,5e+19,6,49,0.0049591064453125,
FBRAIN2LS,4,0,1,0.36838992703992346,0.0,4,136,0.043071746826171875,
FBRAIN3LS,6,0,1,10.226916307315951,0.0,6,1000,0.36806654930114746,
FBRAINLS,2,0,1,0.41660306347252685,0.0,3,50,0.010070562362670898,
FCCU,19,8,1,11.149931838935636,2.3758128323607824e-09,3,445,0.024388551712036133,
FEEDLOC,87,259,0,2.5,82.9053896182035,6,1018,0.30823802947998047,
FLETCHER,4,4,-3,0.0,nan,6,121,0.016949176788330078,
FLT,2,2,1,0.000814464490016223,5.477649048790302e-09,11,78,0.021754741668701172,
FREURONE,2,2,0,0.0,7.081918226230322,81,1001,0.04825401306152344,
GAUSS1,8,250,0,0.0,36.32326316884841,49,1000,4.31525731086731,
GAUSS1LS,8,0,1,7369.234474368389,0.0,6,805,0.03949332237243652,
GAUSS2,8,250,0,0.0,35.46940419805545,50,1004,3.586376190185547,
GAUSS2LS,8,0,1,9158.017569408345,0.0,6,121,0.009122371673583984,
GAUSS3,8,250,0,0.0,35.35087694761299,49,1000,4.22633171081543,
GAUSS3LS,8,0,1,18899.382269488353,0.0,6,634,0.03446841239929199,
GAUSSIAN,3,0,1,2.452543713203453e-06,0.0,1,8,0.004819631576538086,
GBRAINLS,2,0,1,41.031102560081216,0.0,6,85,0.016451120376586914,
GENHS28,10,8,1,0.9271736998499074,2.284663522366146e-10,2,78,0.016956090927124023,
GENROSE,500,0,0,1144.7301959197084,0.0,1,1009,1.0124964714050293,
GENROSEB,500,0,0,2758.4621182863657,0.0,1,1003,1.2367348670959473,
GENROSEBNE,500,998,0,0.0,48.92482910107355,1,1002,4.319716691970825,
GIGOMEZ1,3,3,0,2.00001,17.204636584368764,56,1000,0.0374455451965332,
GIGOMEZ2,3,3,0,2.00001,17.99999,56,1000,0.03626108169555664,
GIGOMEZ3,3,3,0,2.00001,17.99999,56,1000,0.043212175369262695,
GMNCASE1,175,300,0,1.2641899635000002e-06,0.12589624908092098,3,1076,0.4948718547821045,
GMNCASE4,175,350,0,5.422997452e-05,9.331177280065774,3,1076,0.5293817520141602,
GOFFIN,51,50,0,0.0,3607.7173791055206,9,1016,0.1733543872833252,
GOTTFR,2,2,0,0.0,0.027149058594285385,116,1000,0.037648916244506836,
GOULDQP1,32,17,1,-3485.183118660494,3.0620093615041885e-08,3,727,0.07728147506713867,
GROUPING,100,125,0,16.27137732272579,1.8232130416386618,6,1031,0.3199269771575928,
GROWTH,3,12,0,0.0,1.0710814527760042,109,1000,0.10378193855285645,
GROWTHLS,3,0,1,3542.14903046,0.0,2,35,0.007421970367431641,
GULF,3,0,1,0.00012107558998671202,0.0,3,89,0.009373188018798828,
GULFNE,3,99,1,0.0,0.0005544427598488907,21,199,0.16179299354553223,
HADAMALS,380,0,0,13906.343699678406,0.0,1,1144,1.0329334735870361,
HAHN1,7,236,0,0.0,6.727973290086541,58,1000,6.01926326751709,
HAHN1LS,7,0,1,58017.83644048584,0.0,2,47,0.0041120052337646484,
HAIFAM,99,150,0,89.72947091069,0.0,2,1038,0.21592044830322266,
HAIFAS,13,9,1,0.0,0.0,27,1002,0.07983160018920898,
HAIRY,2,0,1,20.000000063291992,0.0,3,78,0.0063283443450927734,
HALDMADS,6,42,-3,nan,0.0,34,774,0.045562028884887695,
HART6,6,0,1,-3.322850939778035,0.0,3,103,0.005251169204711914,
HATFLDA,4,0,1,1.5449225466628654e-05,0.0,4,116,0.009176492691040039,
HATFLDANE,4,4,1,0.0,0.0004813469289966255,18,206,0.022722244262695312,
HATFLDB,4,0,1,0.005573729375112065,0.0,3,92,0.007051706314086914,
HATFLDBNE,4,4,0,0.0,0.0877189896560329,94,1000,0.033666372299194336,
HATFLDC,25,0,1,1.2486410441589197e-05,0.0,3,423,0.018690824508666992,
HATFLDCNE,25,25,1,0.0,0.0006708141872047534,22,1000,0.07382082939147949,
HATFLDD,3,0,1,1.0901031655006925e-05,0.0,2,41,0.004472494125366211,
HATFLDDNE,3,10,1,0.0,0.0005935505436181056,18,162,0.01504659652709961,
HATFLDE,3,0,1,0.0001330469855251775,0.0,2,48,0.0050945281982421875,
HATFLDENE,3,21,0,0.0,0.00892056217865769,112,1000,0.0992574691772461,
HATFLDF,3,3,0,0.0,0.006584348092157035,118,1000,0.04247164726257324,
HATFLDFL,3,0,1,6.65919080952708e-05,0.0,2,24,0.003412485122680664,
HATFLDFLNE,3,3,1,0.0,0.0005915629699638443,30,305,0.019496440887451172,
HATFLDFLS,3,0,1,0.0023803461625201416,0.0,2,22,0.005873441696166992,
HATFLDG,25,25,1,0.0,0.0007368632098419385,18,951,0.21860718727111816,
HATFLDGLS,25,0,1,3.3260058882532364e-05,0.0,4,730,0.04411888122558594,
HATFLDH,4,7,1,-24.49977406806791,0.0,3,66,0.022254228591918945,
HEART6,6,6,0,0.0,4.853396562232491,45,1000,0.06375789642333984,
HEART6LS,6,0,1,18.84060283857932,0.0,17,793,0.021535396575927734,
HEART8,8,8,1,0.0,0.0007050686221670661,35,645,0.04236936569213867,
HEART8LS,8,0,1,1.193545512037654,0.0,6,535,0.02045416831970215,
HELIX,3,0,1,7.548392036393063e-07,0.0,4,155,0.013816118240356445,
HELIXNE,3,3,1,0.0,0.0009248363250063445,12,98,0.01719808578491211,
HIELOW,3,0,-3,1009.3539535468618,0.0,12,133,0.024146080017089844,
HILBERTA,2,0,1,2.4907212955907864e-10,0.0,2,21,0.004740238189697266,
HILBERTB,10,0,1,2.063945265896137e-08,0.0,2,137,0.007315158843994141,
HIMMELBA,2,2,0,0.0,0.0026440105184746426,79,1000,0.03869485855102539,
HIMMELBB,2,0,1,26646.764955544684,0.0,6,85,0.0056421756744384766,
HIMMELBC,2,2,0,0.0,0.0015039022832214984,123,1000,0.09602117538452148,
HIMMELBCLS,2,0,1,8.83045916185268e-10,0.0,2,37,0.005101680755615234,
HIMMELBD,2,2,0,0.0,5.192532127352271,98,1000,0.03377509117126465,
HIMMELBE,3,3,1,0.0,0.0008699320002833615,12,103,0.01042318344116211,
HIMMELBF,4,0,1,29052.733487325004,0.0,6,97,0.005025148391723633,
HIMMELBFNE,4,7,0,0.0,1829.796961377393,69,1000,0.04936623573303223,
HIMMELBG,2,0,1,2.2315681727921967e-10,0.0,2,27,0.0048906803131103516,
HIMMELBH,2,0,1,-0.9999999462228449,0.0,2,23,0.0041370391845703125,
HIMMELBI,100,12,0,-1755.0,21914.036597578273,5,1050,0.3279905319213867,
HIMMELBJ,43,14,1,-1909.717950260628,1.7319950988394073e-05,10,1012,0.16934776306152344,
HIMMELBK,24,14,1,0.08855645350329437,0.00016237259316591817,4,1013,0.08919143676757812,
HIMMELP1,2,0,1,-62.05393525053137,0.0,2,36,0.004292726516723633,
HIMMELP2,2,1,1,-62.05393548327538,0.0,4,74,0.006261348724365234,
HIMMELP3,2,2,1,-8.306959592021883,0.0,4,30,0.007074594497680664,
HIMMELP4,2,3,1,-8.30821789391996,0.0,3,30,0.007016420364379883,
HIMMELP5,2,3,-3,nan,0.0,42,650,0.0236966609954834,
HIMMELP6,2,5,-3,nan,0.0,42,650,0.02731943130493164,
HOLMES,180,0,0,inf,0.0,6,1102,1.2975656986236572,
HONG,4,1,1,22.571087370253966,5.6494808831075716e-12,2,64,0.0053119659423828125,
HS1,2,0,1,1.0284329763594793e-05,0.0,4,102,0.006670951843261719,
HS10,2,1,0,-19.99999,598.9992000003001,63,1000,0.04311203956604004,
HS100,7,4,1,680.6344452514716,0.0001432348486549564,14,370,0.01978302001953125,
HS100LNP,7,2,1,680.6362731292403,0.0009921607313986983,18,507,0.020925521850585938,
HS100MOD,7,4,1,678.7763594557214,0.00021879248528478001,11,385,0.02417755126953125,
HS101,7,5,0,2205.8646957805718,394.3595048791655,39,1004,0.04142475128173828,
HS102,7,5,0,2206.884846281593,394.3595048791655,39,1004,0.05359792709350586,
HS103,7,5,0,2208.882273511467,394.3595048791655,39,1004,0.03563976287841797,
HS104,8,5,0,3.6573656982192175,0.434974207357978,36,1000,0.040715932846069336,
HS105,8,1,1,1137.0401211262936,0.0,3,78,0.007493019104003906,
HS106,8,6,0,15000.0,62499.94999999995,36,1000,0.04460549354553223,
HS107,9,6,1,5054.982578895337,3.629044881360583e-05,4,204,0.013487100601196289,
HS108,9,13,0,-5.000000000032756e-06,1.7320508075688772,34,1000,0.07142496109008789,
HS109,9,10,-3,1.9025925e+53,3.535533905932738e+39,6,173,0.02556896209716797,
HS11,2,1,0,-24.9799979999,23.909990000000004,63,1000,0.029321908950805664,
HS110,10,0,1,-45.77847552975394,0.0,2,59,0.004663228988647461,
HS111,10,3,1,-47.74059618036339,2.9586048077512458e-05,13,989,0.03404569625854492,
HS111LNP,10,3,1,-47.74059618036339,2.9586048077512458e-05,13,989,0.03433537483215332,
HS112,10,3,1,-47.7596706812772,1.7834114033840984e-11,2,102,0.00977325439453125,
HS113,10,8,1,26.306252116737014,0.0008760634788095869,12,1004,0.0430905818939209,
HS114,10,11,0,-5288.7499369625,1286.1204350011897,32,1003,0.06933736801147461,
HS116,13,14,0,225.50009999999997,430.75417159263026,27,1002,0.13547182083129883,
HS117,15,5,0,118.22002517834362,0.0,7,1008,0.06985616683959961,
HS118,15,17,1,942.7162499999997,0.0,24,1000,0.07826113700866699,
HS119,16,8,1,244.90059633402157,1.072591369154787e-09,3,307,0.015871763229370117,
HS12,2,1,1,-30.00007683693114,0.00015368737359011675,7,94,0.007135152816772461,
HS13,2,1,0,5e+39,1.25e+59,63,1000,0.06912446022033691,
HS14,2,2,-3,1.0,4.123105625617661,31,489,0.019074440002441406,
HS15,2,2,0,908.9759402200989,3.162265011064063,63,1000,0.03822946548461914,
HS16,2,2,0,2.5e+41,2.5e+39,63,1000,0.045285701751708984,
HS17,2,2,0,2.5e+41,2.5e+39,63,1000,0.060508012771606445,
HS18,2,2,1,4.999883641816176,0.0007100395624206612,9,189,0.019427061080932617,
HS19,2,2,0,-1808.8582959999999,116.70560000000003,63,1000,0.03990578651428223,
HS1NE,2,2,1,0.0,0.0008060797629195793,14,95,0.010849714279174805,
HS2,2,0,1,2.5e+41,0.0,1,15,0.005014181137084961,
HS20,2,3,-3,nan,0.0,53,826,0.031221389770507812,
HS21,2,1,1,-93.24061934896079,0.0,1,11,0.003713846206665039,
HS21MOD,7,1,1,5.050000000000001e+59,0.0,1,19,0.003480672836303711,
HS22,2,2,0,1.0,2.8284271247461903,63,1000,0.031231164932250977,
HS23,2,5,-3,nan,0.0,30,458,0.01941061019897461,
HS24,2,3,1,-0.09353510292805306,2.2197810256585626e-10,6,133,0.010510683059692383,
HS25,3,0,1,32.83497241270658,0.0,1,6,0.003899097442626953,
HS25NE,3,99,1,0.0,0.0007971300244320654,58,604,0.7533261775970459,
HS26,3,1,1,2.1136798284099742e-08,5.034735497977394e-05,4,116,0.007498264312744141,
HS268,5,5,-3,12047.690462090897,1.4142135623509579e-05,30,653,0.026119709014892578,
HS27,3,1,1,0.0399995143291129,1.2142423772303869e-05,7,185,0.009006738662719727,
HS28,3,1,1,6.64294448658593e-12,2.0000199845604527e-05,2,34,0.005652904510498047,
HS29,3,1,1,-22.627520268896472,0.00016304031072778002,6,155,0.010291576385498047,
HS2NE,2,2,0,0.0,5e+20,63,1000,0.042949676513671875,
HS3,2,0,1,5.568172045458584e-06,0.0,2,30,0.004382610321044922,
HS30,3,1,1,1.0021288208392218,0.0,6,206,0.008612394332885742,
HS31,3,1,0,212.5000000009,0.999945,56,1000,0.04015088081359863,
HS32,3,2,1,1.0000952078782634,3.3517633113433476e-12,2,37,0.008144855499267578,
HS33,3,2,0,1.25e+59,7.071067811865475e+39,56,1000,0.05540657043457031,
HS34,3,2,0,-6.222645436545811e-06,0.9999923392277986,56,1000,0.04364943504333496,
HS35,3,1,1,0.11111837761099519,0.0,4,57,0.0051364898681640625,
HS35I,3,1,1,0.11111837761099519,0.0,4,57,0.005677461624145508,
HS35MOD,2,1,1,0.25000085219491774,0.0,2,25,0.0052585601806640625,
HS36,3,1,1,-3299.9554338711873,0.0,2,45,0.0044896602630615234,
HS37,3,2,1,-3455.9526134580824,0.0,2,45,0.009511947631835938,
HS38,4,0,1,1.066376751546939e-06,0.0,4,128,0.005490779876708984,
HS39,4,2,1,-1.0000008765247184,3.7649259839152695e-05,7,194,0.011806726455688477,
HS3MOD,2,0,1,3.2680862161761846e-06,0.0,3,47,0.0047719478607177734,
HS4,2,0,1,2.666681911515917,0.0,2,30,0.0048675537109375,
HS40,4,3,1,-0.25017239671756586,0.0003657509296109406,2,38,0.008416414260864258,
HS41,4,1,1,1.928473155225353,5.392952751037683e-11,1,56,0.006885051727294922,
HS42,4,2,1,13.858958101984168,0.00099618918008626,2,46,0.03815722465515137,
HS43,4,3,1,-44.00014152419315,7.020798203392144e-05,6,177,0.026662349700927734,
HS44,4,6,0,0.0,5.123475382979799e+20,50,1000,0.07317590713500977,
HS44NEW,4,6,1,-14.999740892687592,0.0,4,116,0.010863780975341797,
HS45,5,0,1,1.0000097433992063,0.0,4,191,0.007889986038208008,
HS46,5,2,1,1.924881305656939e-07,0.0007718035432781406,4,237,0.014012575149536133,
HS47,5,3,1,-0.026727617303221964,5.160611846751917e-05,10,543,0.019693851470947266,
HS48,5,2,1,9.744935088058507e-21,1.775934959004001e-10,2,51,0.008083581924438477,
HS49,5,2,1,2.1575932505341152e-07,7.136624408701816e-10,3,135,0.014495372772216797,
HS5,2,0,1,-1.9132229530474836,0.0,2,26,0.006814479827880859,
HS50,5,3,1,4.0988455667968086e-11,1.414530632727255e-08,3,92,0.02201676368713379,
HS51,5,3,1,4.634591276765631e-12,5.7220473568556344e-11,2,39,0.012294530868530273,
HS52,5,3,1,5.326648467021946,1.810585932711114e-10,2,41,0.007586240768432617,
HS53,5,3,1,4.0930011251920515,9.999845070443266e-06,2,44,0.008903741836547852,
HS54,6,1,1,-0.15395198503310928,1.1803422239609063e-08,1,27,0.004920005798339844,
HS55,6,6,0,3e+20,4.0311288741492746e+20,42,1000,0.0620112419128418,
HS56,7,4,1,-3.4563069165831917,0.00039491189459590686,18,1005,0.03469514846801758,
HS57,2,1,1,0.030752952652235172,0.0,1,4,0.0047550201416015625,
HS59,2,3,1,-7.802790018023902,0.00020086287156573235,11,218,0.013803958892822266,
HS6,2,1,1,1.4757360224135506e-11,0.00020000115319773748,6,95,0.005254983901977539,
HS60,3,1,1,0.032568200508553025,2.7702578009325407e-09,5,83,0.006094455718994141,
HS61,3,2,1,-143.6463002632329,0.0006914775680552177,28,453,0.02149200439453125,
HS62,3,1,1,-26272.576673168103,9.999999479794186e-06,3,38,0.004216432571411133,
HS63,3,2,1,961.9360831445936,0.0006569553523299021,33,339,0.01568746566772461,
HS64,3,1,0,266033.5601143999,154.9988000119999,56,1000,0.03182053565979004,
HS65,3,1,1,0.9535212390716816,9.371926938328556e-05,5,131,0.006079912185668945,
HS66,3,2,0,0.9999950218836507,0.9999923392277986,56,1000,0.054087162017822266,
HS67,3,14,1,-1162.1080440755632,0.0,5,123,0.013493776321411133,
HS68,4,2,1,-0.9204725809618449,0.000175927835325189,9,322,0.015591144561767578,
HS69,4,2,1,-956.7128015166898,1.1310137605358817e-06,2,51,0.010911941528320312,
HS7,2,1,1,-1.7320639959920525,4.568631370638343e-05,6,70,0.005684375762939453,
HS70,4,1,1,0.008783173463378003,0.0,3,92,0.007174015045166016,
HS71,4,2,-3,77.42356412141662,2.3053688735785727e-08,9,268,0.019170284271240234,
HS72,4,2,0,5.00001,7.671590526424404,50,1000,0.03408455848693848,
HS73,4,3,1,29.896566181605078,1.865174681370263e-14,3,91,0.009394168853759766,
HS74,4,5,1,5126.498108120265,5.267142297035891e-07,6,71,0.010600566864013672,
HS75,4,5,1,5174.421481943132,9.547802624606038e-08,6,81,0.009197711944580078,
HS76,4,3,1,-4.681765815154471,0.0,2,56,0.008100748062133789,
HS76I,4,3,1,-4.681765815154471,0.0,2,56,0.013099193572998047,
HS77,5,2,1,0.24150459482700518,6.254145148153351e-06,6,142,0.009415388107299805,
HS78,5,3,1,-2.9097400140171272,0.00035092779587532144,3,88,0.009584426879882812,
HS79,5,3,1,0.07877682278818164,4.8016077207122504e-08,4,86,0.009566545486450195,
HS8,2,2,1,-1.0,0.0008286464377396687,8,49,0.007184028625488281,
HS80,5,3,1,0.053905481431954665,0.0009966335143168482,4,110,0.012242317199707031,
HS81,5,3,1,0.053948903535307124,8.567200253220131e-05,8,265,0.014386415481567383,
HS83,5,3,1,-30665.71236511105,0.0003011273708983813,3,85,0.0123138427734375,
HS84,5,3,1,-3907729.4953815583,0.0004578555687083645,14,407,0.019913434982299805,
HS85,5,21,1,-1.2540121240200037,0.0,1,7,0.011901378631591797,
HS86,5,10,0,3.75e+60,1.300086535581382e+21,46,1002,0.11383295059204102,
HS87,6,4,1,9375.412142884132,7.4563652465619714e-06,11,127,0.016420602798461914,
HS88,2,1,0,0.49999000009999994,0.14197096753463911,63,1000,0.09346508979797363,
HS89,3,1,0,0.7499900000999999,0.08836743541037204,56,1000,0.10951972007751465,
HS9,2,1,1,-0.5000009817366788,3.000000003794412e-05,2,26,0.0038497447967529297,
HS90,4,1,0,0.9999900000999999,0.15710779902833652,50,1000,0.16649723052978516,
HS91,5,1,0,1.2499900001,0.09527497338246069,46,1002,0.230177640914917,
HS92,6,1,0,1.4999900000999997,0.16801051297311653,42,1000,0.3032498359680176,
HS93,6,2,1,137.06652459114645,0.0,53,1004,0.05380415916442871,
HS95,6,4,1,0.19656827108299163,0.0,6,313,0.015236854553222656,
HS96,6,4,1,0.19634546321994245,0.0,6,327,0.016737699508666992,
HS97,6,4,0,4.872437,9.580641957521843,42,1000,0.03656339645385742,
HS98,6,4,0,4.872437,9.580641957521843,42,1000,0.035950422286987305,
HS99,7,2,1,-831079890.4155694,9.211580778344911e-08,35,795,0.03475165367126465,
HS99EXP,28,21,1,-1138649933658.548,1.3295954108713335e-05,14,1015,0.06466317176818848,
HUBFIT,2,1,0,9.375e+19,5e+19,63,1000,0.03241372108459473,
HUMPS,2,0,1,43.52451540620169,0.0,11,299,0.008411169052124023,
HYDC20LS,99,0,1,1341.456275017948,0.0,6,667,0.13086938858032227,
HYDCAR20,99,99,0,0.0,0.44780855366449523,5,1000,0.1975102424621582,
HYDCAR6,29,29,0,0.0,0.101979784803866,17,1004,0.07135415077209473,
HYDCAR6LS,29,0,1,704.022622596509,0.0,6,247,0.012119531631469727,
HYDROELS,167,168,0,-3394033.5035304483,83.24543463812077,3,1008,0.5283575057983398,
HYPCIR,2,2,1,0.0,0.0008524407599677576,12,72,0.015465736389160156,
INTEQNE,12,12,0,0.0,0.0010397085356768664,61,1000,0.049852609634399414,
JENSMP,2,0,1,2020.0,0.0,2,32,0.004991769790649414,
JENSMPNE,2,10,0,0.0,16.11920633093396,85,1001,0.05983233451843262,
JUDGE,2,0,1,20.482337361975894,0.0,3,57,0.0038123130798339844,
JUDGEB,2,0,1,20.482337020998653,0.0,3,45,0.003671884536743164,
JUDGENE,2,20,0,0.0,4.057518322307246,85,1000,0.07801556587219238,
KIRBY2,5,151,-3,0.0,1.9777149208538374,49,949,2.4430994987487793,
KIRBY2LS,5,0,1,4999.267922419266,0.0,6,967,0.030808448791503906,
KISSING,127,903,0,1e-05,6.185458496902367,4,1054,2.6020548343658447,
KISSING2,94,625,0,50.26890947728456,30.541964501091524,5,1000,1.2508628368377686,
KIWCRESC,3,2,0,0.0,4.249970000099999,56,1000,0.029066801071166992,
KOEBHELB,3,0,1,112.22137832155677,0.0,7,92,0.0052564144134521484,
KOEBHELBNE,3,156,0,0.0,10.593248362866975,92,1000,1.8175702095031738,
KOWOSB,4,0,1,0.0004934506459524402,0.0,2,40,0.004096508026123047,
KOWOSBNE,4,11,0,0.0,0.023605647171866,169,1003,0.0627431869506836,
LAKES,90,78,0,734589085420.113,2360.5110501132385,2,1001,0.17788434028625488,
LANCZOS1,6,24,0,0.0,0.01821544142584133,63,1001,0.08393144607543945,
LANCZOS1LS,6,0,1,0.0033715679057131787,0.0,4,209,0.008785009384155273,
LANCZOS2,6,24,0,0.0,0.017810346765695113,64,1000,0.0888054370880127,
LANCZOS2LS,6,0,1,0.003371410662377068,0.0,4,209,0.007922887802124023,
LANCZOS3,6,24,0,0.0,0.008318879636154455,63,1000,0.07373404502868652,
LANCZOS3LS,6,0,1,0.0033694617813397054,0.0,4,209,0.008570194244384766,
LAUNCH,25,28,0,6662.256851278314,40551043.763596125,17,1018,0.06571292877197266,
LEAKNET,156,153,1,15.288275703592294,4.664144688371653e-09,1,315,0.09920215606689453,
LEUVEN7,360,946,0,3.832629442457713e+38,1.8353766772590277e+22,2,1093,2.4814348220825195,
LEVYMONE,100,200,0,0.0,2.206271176987641,8,1020,0.8098969459533691,
LEVYMONE10,10,20,0,0.0,7.175795292431134,48,1000,0.08420896530151367,
LEVYMONE5,2,4,0,0.0,4.428990844168837,81,1001,0.03534841537475586,
LEVYMONE6,3,6,0,0.0,3.6181874485027925,75,1000,0.03921246528625488,
LEVYMONE7,4,8,0,0.0,3.1397635232643837,69,1000,0.05645418167114258,
LEVYMONE8,5,10,0,0.0,10.44810203809074,65,1000,0.06432366371154785,
LEVYMONE9,8,16,0,0.0,8.083016373747059,54,1001,0.10966944694519043,
LEVYMONT,100,0,1,154.8945230097253,0.0,7,863,0.12329339981079102,
LEVYMONT10,10,0,1,30.39553548309586,0.0,5,262,0.008179903030395508,
LEVYMONT5,2,0,1,12.48706374226874,0.0,2,29,0.0034389495849609375,
LEVYMONT6,3,0,1,9.36052595791371,0.0,2,49,0.004324197769165039,
LEVYMONT7,4,0,1,12.510759109269296,0.0,2,50,0.006161689758300781,
LEVYMONT8,5,0,1,3.109551059053936,0.0,2,98,0.007077217102050781,
LEVYMONT9,8,0,1,11.308875087406859,0.0,5,291,0.00987386703491211,
LEWISPOL,6,9,1,1.1428410752613893,0.00024812581495606593,13,183,0.0176541805267334,
LHAIFAM,99,150,1,0.6931471805599453,0.0,6,1050,0.11278462409973145,
LIN,4,2,1,-0.017578182233409123,1.0000000999987928e-05,1,6,0.008961915969848633,
LINSPANH,81,33,0,-77.00431854262001,12526.3269143969,7,1066,0.2782118320465088,
LOADBAL,31,31,-3,0.06802532205574083,2.23606797749979e+22,6,437,0.02333998680114746,
LOGHAIRY,2,0,1,6.5525167858692095,0.0,1,5,0.0036783218383789062,
LOGROS,2,0,1,190.64455908926004,0.0,1,15,0.0038640499114990234,
LOOTSMA,3,2,0,1.25e+59,7.071067811865475e+39,56,1000,0.053383588790893555,
LOTSCHD,12,7,-3,2.14988325e+40,7.802723883362784e+20,6,169,0.032700300216674805,
LSC1,3,6,0,0.0,38.002494348908584,99,1000,0.03825235366821289,
LSC1LS,3,0,1,1099.3910385152512,0.0,6,230,0.00748133659362793,
LSC2,3,6,0,0.0,3.952014866127775,95,1000,0.03498959541320801,
LSC2LS,3,0,1,16.164565452380376,0.0,3,92,0.0045282840728759766,
LSNNODOC,5,4,1,1550.5655003476775,1.5906916100796568e-09,6,67,0.009932994842529297,
LSQFIT,2,1,0,2.0625e+39,5e+19,63,1000,0.03371310234069824,
LUKSAN11,100,198,0,0.0,22.056349033406015,5,1020,0.2790086269378662,
LUKSAN11LS,100,0,0,389.73292632626277,0.0,1,1057,0.24416089057922363,
LUKSAN12,98,192,0,0.0,179.33207064014678,5,1000,0.34876012802124023,
LUKSAN12LS,98,0,0,2746.9571983596215,0.0,3,1067,0.1391746997833252,
LUKSAN13,98,224,0,0.0,253.67693821095426,5,1000,0.298306941986084,
LUKSAN13LS,98,0,0,28041.401016508804,0.0,3,1055,0.17705368995666504,
LUKSAN14,98,224,0,0.0,11.21086923655067,5,1000,0.3504164218902588,
LUKSAN14LS,98,0,0,2637.4431314334347,0.0,3,1057,0.1551973819732666,
LUKSAN15,100,196,0,0.0,136.40929457873088,5,1015,0.6240079402923584,
LUKSAN15LS,100,0,1,27015.76731754815,0.0,6,673,0.15040993690490723,
LUKSAN16,100,196,0,0.0,1.8893677245391882,5,1010,0.3914039134979248,
LUKSAN16LS,100,0,1,13068.43951635498,0.0,6,673,0.09663510322570801,
LUKSAN17,100,196,0,0.0,693.1245470192925,5,1010,0.4340834617614746,
LUKSAN17LS,100,0,0,540978.9002049016,0.0,5,1090,0.24203157424926758,
LUKSAN21,100,100,0,0.0,9.74961618726098,5,1010,0.22598028182983398,
LUKSAN21LS,100,0,0,97.92379482627648,0.0,1,1038,0.16321778297424316,
LUKSAN22,100,198,0,0.0,29.808134637022096,5,1020,0.3347759246826172,
LUKSAN22LS,100,0,0,1232.7101662848659,0.0,1,1082,0.2235410213470459,
MADSEN,3,6,0,1.00001,11.99999,56,1000,0.04953575134277344,
MADSSCHJ,201,398,0,1e-05,42679.56116193741,3,1030,0.7544379234313965,
MAKELA1,3,2,0,0.0,1.1180161003312947,56,1000,0.034810543060302734,
MAKELA2,3,3,0,0.0,61.74100679607679,56,1000,0.052693843841552734,
MAKELA3,21,20,0,0.0,850.0974532371215,19,1016,0.057010650634765625,
MAKELA4,21,40,0,1e-05,53.57234174461669,19,1016,0.12358331680297852,
MANCINO,100,0,1,1103265242232.273,0.0,6,673,0.5787520408630371,
MANCINONE,100,100,0,0.0,0.0012501972383405615,6,1010,1.0647015571594238,
MARATOS,2,1,1,-1.0000202163193186,0.00017357453871716023,2,22,0.005005598068237305,
MARATOSB,2,0,1,48401.100000000086,0.0,6,85,0.005522727966308594,
MATRIX2,6,2,0,2e+40,3.535533905932738e+39,42,1000,0.06512570381164551,
MAXLIKA,8,0,1,1136.9528911513437,0.0,2,76,0.007380247116088867,
MCONCON,15,11,-3,2e+20,5e+39,6,205,0.012230396270751953,
MDHOLE,2,0,1,6.6755818191430455e-06,0.0,9,260,0.007781982421875,
MESH,33,48,1,0.00014245907863683007,1.8332687984161708e-06,13,1004,0.08205056190490723,
METHANB8,31,31,0,0.0,0.008824445076150782,19,1012,0.07782411575317383,
METHANB8LS,31,0,1,1.0378538503363806,0.0,3,1001,0.049097299575805664,
METHANL8,31,31,0,0.0,0.0008987052501812825,16,1027,0.08042073249816895,
METHANL8LS,31,0,1,4344.717213099349,0.0,6,259,0.02094125747680664,
MEXHAT,2,0,1,1463472.52952964,0.0,6,787,0.015842199325561523,
MEYER3,3,0,1,1690118549.4099345,0.0,6,847,0.018416881561279297,
MEYER3NE,3,16,0,0.0,16114.129213955273,73,1000,0.056558847427368164,
MGH09,4,11,0,0.0,0.08511393755069149,112,1000,0.10672998428344727,
MGH09LS,4,0,1,0.01945822603950512,0.0,2,59,0.004391908645629883,
MGH10,3,16,-3,0.0,67163516.03786434,31,461,0.045246124267578125,
MGH10LS,3,0,1,4515242471436487.0,0.0,6,91,0.00568699836730957,
MGH10S,3,16,-3,0.0,67195297.72310653,6,69,0.01718592643737793,
MGH10SLS,3,0,1,2834308591382214.0,0.0,2,41,0.004502058029174805,
MGH17,5,33,-3,0.0,1.051676184773871,40,433,0.06140255928039551,
MGH17LS,5,0,1,1.105391882700279,0.0,2,46,0.006524562835693359,
MGH17S,5,33,-3,0.0,1.0121713331519915,76,876,0.1326601505279541,
MGH17SLS,5,0,1,1.1028427024741154,0.0,2,46,0.009661197662353516,
MIFFLIN1,3,2,1,-1.0000692876294792,0.0006408993435615113,4,87,0.008441925048828125,
MIFFLIN2,3,2,0,0.0,4.911634657736153,56,1000,0.04105067253112793,
MINMAXBD,5,20,0,409.8679368048535,7.559290739322932e-05,23,1000,0.04905962944030762,
MINMAXRB,3,4,0,1.0,3.605321631213989,56,1000,0.03350257873535156,
MINSURF,36,0,1,1.0000005328349757,0.0,3,487,0.03279542922973633,
MISRA1A,2,14,-3,0.0,0.6422789527229311,52,553,0.0424957275390625,
MISRA1ALS,2,0,1,5454.883724572648,0.0,6,787,0.02057814598083496,
MISRA1B,2,14,0,0.0,0.49446859112398,95,1000,0.06002521514892578,
MISRA1BLS,2,0,1,5744.701188532023,0.0,6,787,0.01627349853515625,
MISRA1C,2,14,-3,0.0,0.20547309492680446,60,547,0.0421900749206543,
MISRA1CLS,2,0,1,6573.316444191857,0.0,6,787,0.015861988067626953,
MISRA1D,2,14,0,0.0,0.4609768230991415,83,1000,0.07017397880554199,
MISRA1DLS,2,0,1,6027.653458715403,0.0,6,787,0.01568913459777832,
MISTAKE,9,13,0,0.0,1.7320508075688772,34,1000,0.0520932674407959,
MNISTS0LS,494,0,0,11846.0,0.0,1,1000,10.678858518600464,
MNISTS5LS,494,0,0,10842.0,0.0,1,1000,10.33696722984314,
MOREBVNE,10,10,0,0.0,0.0011192713201112906,73,1000,0.05058622360229492,
MRIBASIS,24,55,0,24.98375,134.6332715075851,17,1010,0.060445308685302734,
MSS1,90,73,0,-4049.999999999999,90.60353193998561,6,1033,0.15726423263549805,
MUONSINE,1,512,0,0.0,213.81813293118614,217,1000,394.4081952571869,
MUONSINELS,1,0,1,50518.1592730886,0.0,9,118,0.007119655609130859,
MWRIGHT,5,3,1,24.97854570365338,3.4769151642643055e-05,4,87,0.009199380874633789,
NASH,18,24,0,0.0,51.17177210555493,36,1012,0.11544513702392578,
NELSON,3,128,-3,0.0,7.9057251426958,10,141,0.4168522357940674,
NELSONLS,3,0,1,62.61064302460271,0.0,6,847,0.019344091415405273,
NET1,43,57,0,0.0,1851.6140075136143,11,1024,0.22695016860961914,
NET2,133,160,0,0.0,2870.8662810632177,4,1102,0.32661890983581543,
NET3,427,521,0,-1.5169506927656742e+21,8.660254037844387e+19,2,1286,1.305009126663208,
NYSTROM5,15,20,0,0.0,0.07564567555362361,31,1010,0.049306631088256836,
ODFITS,10,6,1,-2379.996924889876,3.2943304126741737e-10,3,133,0.017617464065551758,
OPTCNTRL,29,20,-3,1.25e+39,7.5e+37,6,373,0.0397646427154541,
OPTPRLOC,30,30,0,-0.6375089999999988,6.473836328266822,14,1000,0.06054043769836426,
ORTHREGB,27,6,1,4.576273669530774e-10,0.00038440745460877214,1,225,0.03755593299865723,
OSBORNE1,5,33,0,0.0,0.008742763584131381,120,1000,0.14337158203125,
OSBORNE2,11,65,-3,0.0,0.54780005592643,27,723,0.09065842628479004,
OSBORNEA,5,0,1,0.8626968118926293,0.0,6,967,0.026797056198120117,
OSBORNEB,11,0,1,0.040984511901314066,0.0,5,481,0.027802467346191406,
OSCIPANE,10,10,0,0.0,0.9999999664964024,48,1001,0.07904982566833496,
OSCIPATH,500,0,1,0.9999908000169999,0.0,2,1014,1.0988476276397705,
OSLBQP,8,0,1,6.25e+39,0.0,1,21,0.0060803890228271484,
PALMER1,4,0,1,11754.602802288335,0.0,6,115,0.006851911544799805,
PALMER1A,6,0,1,0.1056952642519754,0.0,4,205,0.009702205657958984,
PALMER1ANE,6,35,0,0.0,0.45568680215411694,57,1001,0.14267849922180176,
PALMER1B,4,0,1,3.447379836918899,0.0,4,171,0.013261079788208008,
PALMER1BNE,4,35,-3,0.0,1.856714082632679,80,762,0.16855335235595703,
PALMER1C,8,0,1,345295024.61318827,0.0,6,121,0.0052983760833740234,
PALMER1D,7,0,1,28726649.228552397,0.0,6,115,0.005283832550048828,
PALMER1E,8,0,1,2084353.0243637508,0.0,6,121,0.006418704986572266,
PALMER1ENE,8,35,0,0.0,1.3042030997962888,53,1000,0.14641189575195312,
PALMER1NE,4,31,-3,0.0,113.52069297649213,31,342,0.03261446952819824,
PALMER2,4,0,1,3651.2412645259337,0.0,2,66,0.004262447357177734,
PALMER2A,6,0,1,0.02090960259877878,0.0,4,254,0.009015798568725586,
PALMER2ANE,6,23,0,0.0,0.13161206047758683,65,1002,0.06038999557495117,
PALMER2B,4,0,1,0.6232707146055945,0.0,3,127,0.005549907684326172,
PALMER2BNE,4,23,0,0.0,0.8185038674072047,66,1000,0.07570767402648926,
PALMER2C,8,0,1,26894034.37171162,0.0,6,121,0.005337715148925781,
PALMER2E,8,0,1,231576.35309361538,0.0,6,121,0.005129575729370117,
PALMER2ENE,8,23,0,0.0,0.017738853623127274,53,1000,0.07307934761047363,
PALMER2NE,4,23,0,0.0,61.374552449479935,55,1000,0.08164811134338379,
PALMER3,4,0,1,2265.958476679071,0.0,8,159,0.005840778350830078,
PALMER3A,6,0,1,0.02638999252377253,0.0,12,791,0.018063068389892578,
PALMER3ANE,6,23,0,0.0,0.1435914052941273,65,1002,0.059396982192993164,
PALMER3B,4,0,1,4.227652586178002,0.0,4,149,0.00557708740234375,
PALMER3BNE,4,23,0,0.0,2.305919447196203,73,1000,0.07036161422729492,
PALMER3C,8,0,1,8121974.257823933,0.0,6,121,0.00691986083984375,
PALMER3E,8,0,1,88932.55753225739,0.0,6,121,0.005396127700805664,
PALMER3ENE,8,23,0,0.0,0.007939830816930423,53,1000,0.07694816589355469,
PALMER3NE,4,23,0,0.0,49.41631203291152,72,1002,0.07811617851257324,
PALMER4,4,0,1,2285.38324772521,0.0,10,167,0.007170915603637695,
PALMER4A,6,0,1,0.043088018236299076,0.0,7,459,0.012580394744873047,
PALMER4ANE,6,23,0,0.0,0.2024176824769843,66,1000,0.06302618980407715,
PALMER4B,4,0,1,6.83514417668855,0.0,3,96,0.004545450210571289,
PALMER4BNE,4,23,0,0.0,2.8367866782929965,71,1000,0.07774496078491211,
PALMER4C,8,0,1,8094445.867910894,0.0,6,121,0.005087137222290039,
PALMER4E,8,0,1,85934.2678334393,0.0,6,121,0.005220890045166016,
PALMER4ENE,8,23,0,0.0,0.012240949426090456,67,1006,0.08916974067687988,
PALMER4NE,4,23,0,0.0,49.45254179219235,59,1000,0.0727241039276123,
PALMER5A,8,0,1,2.1280865995634093,0.0,3,146,0.00570368766784668,
PALMER5ANE,8,12,0,0.0,0.9174415543291855,43,1000,0.05050849914550781,
PALMER5B,9,0,1,119801.0678236224,0.0,6,127,0.005320310592651367,
PALMER5BNE,9,12,0,0.0,1.5107629584130762,39,1001,0.08357715606689453,
PALMER5C,6,0,1,2.1280868690457977,0.0,2,97,0.007568836212158203,
PALMER5D,4,0,1,87.33939503485115,0.0,2,72,0.005681276321411133,
PALMER5E,8,0,0,0.06891099318820981,0.0,11,1003,0.034713029861450195,
PALMER5ENE,8,12,0,0.0,0.3668108728567625,46,1006,0.05456995964050293,
PALMER6A,6,0,1,0.1731274277173598,0.0,3,169,0.006789684295654297,
PALMER6ANE,6,13,0,0.0,0.26915338091913926,61,1000,0.052831172943115234,
PALMER6C,8,0,1,772166.1145763813,0.0,6,121,0.005276203155517578,
PALMER6E,8,0,1,6452.458508384478,0.0,6,121,0.0050640106201171875,
PALMER6ENE,8,13,0,0.0,0.2767486192392571,62,1000,0.05652952194213867,
PALMER7A,6,0,1,12.013807239613227,0.0,13,744,0.017025470733642578,
PALMER7ANE,6,13,0,0.0,4.435503636777253,70,1001,0.05006074905395508,
PALMER7C,8,0,1,3205127.225543894,0.0,6,121,0.007817506790161133,
PALMER7E,8,0,1,17303.001553451428,0.0,6,121,0.008281469345092773,
PALMER7ENE,8,13,0,0.0,3.6752983958036105,59,1004,0.05451369285583496,
PALMER8A,6,0,1,0.07463225148881755,0.0,6,394,0.011134147644042969,
PALMER8ANE,6,12,0,0.0,0.3183329777807111,69,1000,0.048172950744628906,
PALMER8C,8,0,1,850271.0403397484,0.0,6,121,0.006247282028198242,
PALMER8E,8,0,1,3640.03087486759,0.0,6,121,0.005408763885498047,
PALMER8ENE,8,12,0,0.0,0.08792388455434288,58,1007,0.051699161529541016,
PARKCH,15,0,-3,-inf,0.0,6,179,0.06737470626831055,
PENALTY2,200,0,1,47116302552558.25,0.0,5,1050,0.3392069339752197,
PENALTY3,200,0,1,1584072353.8570702,0.0,5,1050,1.2913060188293457,
PENLT1NE,10,11,1,0.0,0.0008446354122287851,38,927,0.0467686653137207,
PENLT2NE,4,8,1,0.0,0.0004825414397734857,14,154,0.017675399780273438,
PENTAGON,6,15,-3,nan,0.0,32,726,0.0343632698059082,
PFIT1,3,3,1,0.0,0.0001631991939534485,21,214,0.01419377326965332,
PFIT1LS,3,0,1,0.00015630138255101682,0.0,6,200,0.010834693908691406,
PFIT2,3,3,1,0.0,0.0006764581412857022,62,625,0.025189638137817383,
PFIT2LS,3,0,1,0.006533310707437902,0.0,6,251,0.0077211856842041016,
PFIT3,3,3,0,0.0,17.77406935109616,62,1001,0.034768104553222656,
PFIT3LS,3,0,1,0.05529873117493931,0.0,13,560,0.01574850082397461,
PFIT4,3,3,0,0.0,0.5464356323848434,86,1002,0.03539109230041504,
PFIT4LS,3,0,1,0.2036968184313921,0.0,14,427,0.012591838836669922,
POLAK1,3,2,0,1e-05,47.41826292029771,56,1000,0.06856441497802734,
POLAK2,11,2,0,0.10001,100.5581894553581,30,1010,0.03683280944824219,
POLAK3,12,10,0,1.00001,137.64405612005223,28,1000,0.04684710502624512,
POLAK4,3,3,0,0.0,20997.810010000005,56,1000,0.03145098686218262,
POLAK5,3,2,0,1e-05,72.84200684974421,56,1000,0.031821489334106445,
POLAK6,5,4,0,0.0,11.999650005899927,46,1002,0.04277849197387695,
PORTFL1,12,1,1,0.02050765340656249,4.001906028783253e-10,3,300,0.011408329010009766,
PORTFL2,12,1,1,0.029705959307003173,4.0230296871612836e-10,3,300,0.01241922378540039,
PORTFL3,12,1,1,0.03277592671760946,4.012110088602583e-10,3,274,0.010765314102172852,
PORTFL4,12,1,1,0.026315958057924034,4.010279330834976e-10,3,274,0.014827966690063477,
PORTFL6,12,1,1,0.025794878736592843,3.9959274777956466e-10,3,274,0.017234325408935547,
POWELLBS,2,2,1,0.0,0.0002247901009771101,17,125,0.02364945411682129,
POWELLBSLS,2,0,1,0.49523229718146,0.0,6,787,0.020610570907592773,
POWELLSE,4,4,1,0.0,0.0009907639245163588,21,236,0.016876220703125,
POWELLSQ,2,2,0,0.0,8.877120423933011,94,1000,0.03480052947998047,
POWELLSQLS,2,0,1,2.1163778197492037e-07,0.0,4,88,0.007433176040649414,
POWERSUM,4,0,1,2647.859837819254,0.0,6,97,0.0066530704498291016,
POWERSUMB,4,0,1,37.43144670402407,0.0,2,40,0.005184173583984375,
POWERSUMNE,4,4,1,0.0,0.0008752031797874138,16,177,0.0328679084777832,
PRICE3,2,0,1,17983.925759361624,0.0,6,85,0.004886627197265625,
PRICE3B,2,0,1,3.225101810154404e-08,0.0,3,71,0.004547119140625,
PRICE3NE,2,2,1,0.0,0.00098715013588835,7,43,0.007630348205566406,
PRICE4,2,0,1,13420.717270457568,0.0,6,85,0.005687236785888672,
PRICE4B,2,0,1,1.3414131660201836e-07,0.0,10,301,0.009053945541381836,
PRICE4NE,2,2,0,0.0,0.0021894984066778795,106,1000,0.034473419189453125,
PRIMAL1,325,85,0,-5e+19,4.609772228646445e+20,2,1314,0.6918890476226807,
PRIMALC1,230,9,0,2.675000000000008e+41,3.1887847008029563e+25,3,1175,1.1291563510894775,
PRIMALC2,231,7,0,2.8500000000000098e+41,2.932722935541303e+25,3,1180,1.2514076232910156,
PRIMALC5,287,8,0,3.4625000000000165e+41,1.173449300598454e+25,2,1162,1.3859632015228271,
PROBPENL,500,0,0,1828865.1235787368,0.0,1,1005,0.8616666793823242,
PRODPL0,60,29,-3,5.499999999999999e+21,8.00000023841858e+38,6,785,0.17517447471618652,
PRODPL1,60,29,-3,5.499999999999999e+21,8.00000011920929e+39,6,785,0.7773809432983398,
PSPDOC,4,0,1,5e+19,0.0,1,17,0.003523588180541992,
PT,2,501,-3,nan,0.0,44,682,4.105120420455933,
QC,7,4,1,-956.5231594777885,8.037986111552459e-06,3,121,0.011979103088378906,
QCNEW,7,3,-3,nan,0.0,6,117,0.011083602905273438,
QING,100,0,0,16052.945308500564,0.0,1,1078,0.16162562370300293,
QINGB,5,0,1,0.00047697377031047865,0.0,2,88,0.0057790279388427734,
QINGNE,100,100,0,0.0,1.815713968597895,5,1010,0.14725661277770996,
QPCBLEND,83,74,0,1.1412500011499997e+42,1.1516061775782037e+22,6,1050,0.31498003005981445,
QPCBOEI1,384,351,0,2.0911292368000007e+42,2.5839817170000483e+22,2,1157,1.3384757041931152,
QPCBOEI2,143,166,0,8.431514078500003e+41,4.122055075099616e+21,4,1030,0.2992818355560303,
QPCSTAIR,385,356,0,5.212618028e+42,4.99282863054759e+21,2,1160,1.9173128604888916,
QPNBLEND,83,74,0,9.337499976899998e+41,1.1516061775782037e+22,6,1050,0.29955101013183594,
QPNBOEI1,384,351,0,1.2891579643700001e+42,2.5839817170000483e+22,2,1157,1.2936272621154785,
QPNBOEI2,143,166,0,5.360739436625e+41,4.122055075099616e+21,4,1030,0.33460497856140137,
QPNSTAIR,385,356,0,4.298755362694997e+42,4.99282863054759e+21,2,1160,1.9453058242797852,
QR3DBD,457,610,0,0.0,1.8933202145543548,2,1374,1.6437463760375977,
RAT42,3,9,0,0.0,2.9386441496372235,77,1000,0.07109618186950684,
RAT42LS,3,0,1,18223.4202,0.0,2,35,0.004273653030395508,
RAT43,4,15,0,0.0,322.82591956619336,59,1000,0.05739879608154297,
RAT43LS,4,0,1,1076461.5963733334,0.0,2,46,0.004119873046875,
READING6,101,50,0,-115.19326712457966,1.3084196621955422e-05,1,1020,0.16644811630249023,
RECIPE,3,3,0,0.0,0.002421742740256607,109,1000,0.04189610481262207,
RECIPELS,3,0,1,0.000126948743265205,0.0,3,70,0.00520777702331543,
RES,20,14,1,0.0,2.4332306319645646e-07,2,105,0.022794723510742188,
RK23,17,11,-3,3e+20,1.6244287890140885,6,229,0.02477717399597168,
ROBOT,7,2,0,7.482643787835334,1.3322082749077826,49,1002,0.038477420806884766,
ROSENBR,2,0,1,8.565314719493278e-06,0.0,5,134,0.006774187088012695,
ROSENBRTU,2,0,1,100.98854041597214,0.0,1,5,0.002979278564453125,
ROSENMMX,5,4,1,0.0,0.0,46,1002,0.03126788139343262,
ROSZMAN1,4,25,0,0.0,0.19266528107672964,84,1002,0.09894490242004395,
ROSZMAN1LS,4,0,1,6.7567069065200265,0.0,6,907,0.022277116775512695,
RSNBRNE,2,2,1,0.0,0.0006158306329127178,35,316,0.015194892883300781,
S268,5,5,-3,12047.690462090897,1.4142135623509579e-05,30,653,0.022173643112182617,
S277-280,4,4,0,2.538095235e+20,4.166666649999999e+18,50,1000,0.06291818618774414,
S308,2,0,1,0.77319925828009,0.0,2,44,0.005123615264892578,
S308NE,2,3,0,0.0,0.8912208549566707,105,1000,0.04027605056762695,
S316-322,2,1,1,334.31398283400915,3.346006375470889e-06,34,406,0.020545005798339844,
S365,7,5,0,2.5e+39,5e+39,39,1004,0.11571073532104492,
S365MOD,7,5,0,2.5e+39,5e+39,39,1004,0.0939340591430664,
S368,8,0,1,-0.7499713028559649,0.0,3,158,0.016666412353515625,
SANTA,21,23,0,0.0,0.7595367377367641,22,1004,0.08937311172485352,
SANTALS,21,0,1,0.0006924093111608949,0.0,5,701,0.05383729934692383,
SCW1,7,8,-3,-16.0000000012,1.0000000000065512e-05,35,903,0.043862104415893555,
SENSORS,100,0,0,-1488.7570176893146,0.0,1,1053,1.0669207572937012,
SIM2BQP,1,0,1,8.829142865669656e-06,0.0,2,21,0.0053369998931884766,
SIMBQP,2,0,1,6.231620656915807e-06,0.0,2,35,0.006774187088012695,
SIMPLLPA,2,2,0,0.30001,1.4421983221804135,63,1000,0.0729830265045166,
SIMPLLPB,2,3,-3,nan,0.0,51,794,0.03748154640197754,
SINEVAL,2,0,1,9.082554859797907e-05,0.0,9,302,0.011549234390258789,
SINVALNE,2,2,1,0.0,0.00015151503076394788,10,81,0.014496564865112305,
SISSER,2,0,1,8.791684992238659e-06,0.0,2,36,0.005680561065673828,
SMBANK,117,64,0,87022502.45601237,10137049.429199863,5,1062,0.6766536235809326,
SNAIL,2,0,1,4.23378233606894e-10,0.0,2,35,0.007626533508300781,
SNAKE,2,2,0,1.00001,4.158423611211118,63,1000,0.05392336845397949,
SPANHYD,81,33,0,3893090050.817213,14220.463984554812,2,1066,0.20625066757202148,
SPECAN,9,0,1,1.99175835656759e-06,0.0,4,325,0.1321277618408203,
SPIN2,102,100,1,0.0,9.69652098288564e-06,4,835,0.24535632133483887,
SPIN2LS,102,0,0,0.8112626486605911,0.0,1,1096,0.21451878547668457,
SPIN2OP,102,100,0,2.4133560902452342,0.025517920586162108,2,1030,0.4316551685333252,
SPIRAL,3,2,1,0.15781325141476854,0.0,6,233,0.02774524688720703,
SSEBLIN,192,72,0,1.4400000000000005e+24,2.4494897427831777e+20,3,1170,0.6968288421630859,
SSEBNLN,192,96,0,1.4400000000000005e+24,2.4494897427831777e+20,3,1170,0.7190046310424805,
SSI,3,0,1,0.00207457715800243,0.0,6,223,0.010991811752319336,
SSINE,3,2,1,0.0,0.00040250964842937465,31,693,0.05431556701660156,
STANCMIN,3,2,-3,nan,0.0,31,531,0.04108428955078125,
STATIC3,434,96,0,0.0,3.4641016151377556e+20,2,1307,1.7478258609771729,
STEENBRA,432,108,1,5.904e+39,0.0,3,1303,3.0288455486297607,
STEENBRB,468,108,0,2858.7947955066775,5504.543563275705,2,1409,1.0569226741790771,
STEENBRD,468,108,1,1.4268000000001154e+24,0.0,3,1411,2.877687692642212,
STEENBRF,468,108,0,2858.47423763266,5504.54357054243,1,1407,0.9615099430084229,
STRATEC,10,0,1,2817.0189822944653,0.0,5,1003,0.45218467712402344,
STREG,4,0,1,184.06670935128673,0.0,8,149,0.007294416427612305,
STREGNE,4,2,1,2.5000035956884282e-11,3.475260146240635e-09,3,76,0.023154020309448242,
STRTCHDV,10,0,1,0.00031950423024120503,0.0,2,78,0.004456758499145508,
STRTCHDVB,10,0,1,0.00036599909868492665,0.0,2,86,0.0047109127044677734,
STRTCHDVNE,10,9,1,0.0,0.0004987105442678256,6,182,0.013785362243652344,
SUPERSIM,2,2,0,5e+19,1.1180339887498948e+20,63,1000,0.03864288330078125,
SWOPF,83,92,0,0.0030258500025981405,0.7555749718378681,2,1008,0.12555360794067383,
SYNTHES1,6,6,1,13.523258750880977,0.0,42,1000,0.0415036678314209,
SYNTHES2,11,14,0,1e+21,1.25e+20,30,1010,0.057924509048461914,
SYNTHES3,17,23,0,10.625879452861149,2.4718199773648566,22,1002,0.07327532768249512,
TAME,2,1,-3,0.0,1e+20,6,49,0.005014181137084961,
TARGUS,162,63,0,1.1750000000000008e+41,7.599342076785336e+20,4,1147,0.4265561103820801,
TENBARS1,18,9,-3,1.4752098760000002e+21,1.767766955e+39,6,281,0.023392200469970703,
TENBARS2,18,8,-3,1.4752098760000002e+21,1.767766955e+39,6,241,0.08239030838012695,
TENBARS3,18,8,-3,1.4752098760000002e+21,7.410100333698251e+39,6,241,0.042471885681152344,
TENBARS4,18,9,1,1.4752098760000002e+21,1.35632861299765e-10,1,49,0.009297609329223633,
TFI1,3,101,0,3.0,60.442071567958976,56,1000,0.10836911201477051,
TFI2,3,101,-3,nan,0.0,46,801,0.08835577964782715,
TFI3,3,101,-3,5.367003099159174,0.0,33,587,0.07412862777709961,
THURBER,7,37,0,0.0,81.77246034726983,57,1000,0.1339402198791504,
THURBERLS,7,0,1,4525070.418265037,0.0,6,1004,0.024255752563476562,
TOINTGOR,50,0,0,1386.2305935662046,0.0,2,1035,0.12400484085083008,
TOINTPSP,50,0,0,241.15150221083718,0.0,2,1046,0.07584214210510254,
TOINTQOR,50,0,0,1175.6848545367175,0.0,2,1019,0.08031892776489258,
TRIGGER,6,6,1,0.0,0.0006276963068915759,20,333,0.019990921020507812,
TRIGON1,10,0,1,3.378571580489439e-08,0.0,3,230,0.008211135864257812,
TRIGON1B,10,0,1,5.009705294081716e-06,0.0,3,147,0.005648374557495117,
TRIGON1NE,10,10,0,0.0,0.001080062700750673,65,1009,0.07010889053344727,
TRIGON2,10,0,1,7.101875140985082,0.0,4,242,0.012618541717529297,
TRIGON2B,10,0,1,7.101875140985082,0.0,4,242,0.009793996810913086,
TRIGON2NE,10,31,0,0.0,1.8009298340996518,47,1004,0.09390878677368164,
TRIMLOSS,142,75,0,132.500001,3e+20,4,1023,0.2851531505584717,
TRO11X3,150,61,0,3675.3148206568867,4.040119016353437e-08,2,1068,0.3569154739379883,
TRO3X3,30,13,0,12.374053758250117,1.2223665344426126e-05,4,1015,0.11970400810241699,
TRO4X4,63,25,1,19.054816514228847,3.2053917316876545e-05,3,1024,0.09258341789245605,
TRO5X5,108,41,0,1e-05,0.9999970588268072,5,1021,0.2165226936340332,
TRO6X2,45,21,0,214.20693309856097,0.7078437876944347,3,1023,0.0953364372253418,
TRUSPYR1,11,4,1,1.6313205299999998e+20,3.1532830707715765e-12,1,35,0.026627540588378906,
TRUSPYR2,11,11,1,1.6313205299999998e+20,3.575624039441389e-10,1,35,0.015608787536621094,
TRY-B,2,1,1,0.9999999938796353,4.4700616883994035e-09,7,43,0.005033731460571289,
TWIRISM1,343,313,0,49.4,70.20968537361864,2,1042,0.7144355773925781,
TWOBARS,2,2,0,1.414227704508719,0.6213990231211114,63,1000,0.03644537925720215,
VANDANIUMS,22,10,0,0.0,3.8729809356846325,18,1000,0.13388991355895996,
VANDANMSLS,22,0,1,12.144603053621644,0.0,2,95,0.008834123611450195,
VANDERM1,nan,nan,Failed,nan,nan,nan,nan,nan,Process failed
VANDERM2,nan,nan,Failed,nan,nan,nan,nan,nan,Process failed
VANDERM3,nan,nan,Failed,nan,nan,nan,nan,nan,Process failed
VANDERM4,nan,nan,Failed,nan,nan,nan,nan,nan,Process failed
VARDIM,200,0,1,3.2565364619451028e+16,0.0,5,1050,0.7124176025390625,
VARDIMNE,10,12,1,0.0,0.00044296545840896283,64,1000,0.0573124885559082,
VESUVIALS,8,0,1,3356.8216556227085,0.0,6,1003,0.1198430061340332,
VESUVIOLS,8,0,1,1609.7329014080433,0.0,6,1003,0.10513997077941895,
VESUVIOULS,8,0,1,0.7772993074245481,0.0,6,1003,0.11306905746459961,
VIBRBEAM,8,0,1,8231.275067268562,0.0,6,121,0.008731603622436523,
VIBRBEAMNE,8,30,0,0.0,1.0563290947027812,46,1001,0.06525731086730957,
WACHBIEG,3,2,1,1.0000000371029019,7.420580061534572e-08,23,183,0.017331361770629883,
WATER,31,10,0,106110.85766605561,2106.512473169055,3,1024,0.1026604175567627,
WATSON,12,0,1,0.00015697311841720045,0.0,2,175,0.009443521499633789,
WATSONNE,12,31,0,0.0,0.0012600505284593867,61,1003,0.11705827713012695,
WAYSEA1,2,0,1,370890.0,0.0,6,85,0.007444858551025391,
WAYSEA1B,2,0,1,5.502567501176534e-07,0.0,2,40,0.006392955780029297,
WAYSEA1NE,2,2,1,0.0,0.00030828634561734286,9,52,0.01111292839050293,
WAYSEA2,2,0,1,2.275856690282387e-05,0.0,3,80,0.005871295928955078,
WAYSEA2B,2,0,1,4.814099151267822e-05,0.0,3,80,0.007305622100830078,
WAYSEA2NE,2,2,1,0.0,0.0009901743897880316,13,81,0.010804891586303711,
WEEDS,3,0,1,2.5884801789189527,0.0,6,163,0.006474494934082031,
WEEDSNE,3,12,0,0.0,64.75246653576936,61,1000,0.06588411331176758,
WOMFLET,3,3,-3,0.04983604831610959,5.253135623206617e-05,30,733,0.030279874801635742,
YFIT,3,0,1,2340.414505670829,0.0,6,91,0.004884243011474609,
YFITNE,3,17,0,0.0,1.2856564306511433,65,1000,0.09325766563415527,
YFITU,3,0,1,2340.414505670829,0.0,6,91,0.008460283279418945,
YORKNET,312,256,0,1.2607499733567238e+42,1.3849628445196642e+39,2,1254,1.1430819034576416,
ZAMB2-10,264,96,0,-0.7931211754650654,0.020035909799501376,1,1060,0.6218202114105225,
ZAMB2-11,264,96,0,-0.6859559570687463,0.00010242999630437768,2,1060,0.4864368438720703,
ZAMB2-8,132,48,0,0.34321469580121045,0.014536964241168286,1,1064,0.2520294189453125,
ZAMB2-9,132,48,0,0.24741220229681476,0.013013046215870488,1,1064,0.43192434310913086,
ZANGWIL2,2,0,1,-18.20000000902943,0.0,2,25,0.004594564437866211,
ZANGWIL3,3,3,0,0.0,0.004946527119137002,75,1000,0.04108071327209473,
ZECEVIC2,2,2,0,25.0,22.47220505424423,63,1000,0.04051971435546875,
ZECEVIC3,2,2,-3,nan,0.0,31,474,0.038655996322631836,
ZECEVIC4,2,2,-3,nan,0.0,35,538,0.027616500854492188,
ZY2,3,2,1,2.0000443729631514,0.0,5,113,0.009489059448242188,
