problem,n,m,status,obj,constraint,iter,count_cost,total_time,message
3PK,30,0,0,12.37984678834583,0.0,11,1021,0.011542320251464844,
A4X12,115,385,0,0.0,1.0,5,1084,0.7560210227966309,
ACOPP118,344,608,0,161203.18682317686,5.872594194886518,2,1035,0.8672959804534912,
ACOPP14,38,68,1,8109.123060336682,8.741992321257212e-06,10,1030,0.03688478469848633,
ACOPP30,72,142,0,638.6705054341364,0.026388971129069384,6,1022,0.14116978645324707,
ACOPP57,128,274,0,40233.59212070942,1.9413431792668607,4,1052,0.6432039737701416,
ACOPR118,344,726,0,171609.301571798,14.47018076874491,2,1037,1.0321674346923828,
ACOPR14,38,82,-3,13212.574257492,3.8668693331944906,6,521,0.02868819236755371,
ACOPR30,72,172,0,643.9763259463016,0.009931686448771404,6,1062,0.16920208930969238,
ACOPR57,128,331,0,37172.2368072662,7.383184142360257,4,1054,0.2835874557495117,
AGG,163,488,0,1.0131450000000001e+23,5.5658283452411364e+22,3,1000,0.47812581062316895,
AIRCRFTA,5,5,1,0.0,4.4270362296182524e-05,26,335,0.014172554016113281,
AIRCRFTB,5,0,-2,5.431509533986199,0.0,50,899,0.008410930633544922,
AIRPORT,84,42,0,41.0,253.67014952690036,6,1070,0.07213377952575684,
AKIVA,2,0,-3,-inf,0.0,6,88,0.0055272579193115234,
ALLINIT,3,0,1,6.25e+78,0.0,40,645,0.008623600006103516,
ALLINITA,3,4,-3,3.906249998437501e+117,3.535533905932738e+39,6,101,0.012547731399536133,
ALLINITC,3,1,-3,3.90625e+157,2.5e+39,6,61,0.0051615238189697266,
ALLINITU,4,0,1,5.7443895819884645,0.0,12,132,0.0066111087799072266,
ALSOTAME,2,1,1,0.08208297706744264,2.052845543832715e-05,11,74,0.005417585372924805,
ANTWERP,27,10,0,1.6979702507265212e+41,1.153584810800106,18,1018,0.023134946823120117,
ARGAUSS,3,15,-1,0.0,0.00010698437785093204,50,494,0.029421091079711914,
ARGLALE,200,400,0,0.0,14.142235328123133,4,1005,2.0885555744171143,
ARGLBLE,200,400,0,0.0,9.981267631333766,3,1005,0.36556291580200195,
ARGLCLE,200,399,0,-1.0,10.00627207893881,3,1005,0.35895442962646484,
ARGLINA,200,0,0,200.00006878435315,0.0,5,1012,0.09634208679199219,
ARGLINB,200,0,0,8651224509960400.0,0.0,5,1050,0.09567999839782715,
ARGLINC,200,0,0,8352671057963401.0,0.0,5,1050,0.0998539924621582,
ARGTRIG,200,200,0,0.0,4.076788397529038,3,1007,0.19449281692504883,
ARGTRIGLS,200,0,0,16.171106516033117,0.0,5,1050,0.08130145072937012,
ARWHDNE,500,998,0,0.0,20.1689160464303,1,1002,1.9790127277374268,
AVGASA,8,10,0,nan,0.0,37,1000,0.019761085510253906,
AVGASB,8,10,0,nan,0.0,37,1000,0.0220792293548584,
AVION2,49,15,0,224589707.72409603,8.40831501320224e-07,8,1010,0.02359294891357422,
BA-L1,57,12,0,0.0,7.029757503329053,7,1054,0.03864860534667969,
BA-L1LS,57,0,1,96878.70045946274,0.0,15,1025,0.02694416046142578,
BA-L1SP,57,12,1,0.0,7.901141955467304e-07,6,669,0.0426640510559082,
BA-L1SPLS,57,0,1,78171.54552356128,0.0,15,1025,0.02574610710144043,
BARD,3,0,-2,0.00947503969572499,0.0,50,285,0.006690502166748047,
BARDNE,3,15,-1,0.0,0.09771768829980397,50,480,0.03695535659790039,
BATCH,48,73,0,208526.874836377,1906.7506598372129,10,1021,0.04299473762512207,
BEALE,2,0,-2,0.10269401449509166,0.0,50,532,0.008719682693481445,
BEALENE,2,3,1,0.0,5.124352697857462e-05,15,111,0.012746810913085938,
BENNETT5,3,154,-1,0.0,0.02313288247915052,50,517,1.3249032497406006,
BENNETT5LS,3,0,-3,66022.44665915723,0.0,12,133,0.006869792938232422,
BIGGS3,3,0,1,3.608128009602189e-07,0.0,10,93,0.00504612922668457,
BIGGS5,5,0,-2,0.007692821037550934,0.0,50,521,0.008784055709838867,
BIGGS6,6,0,-2,0.0010804755186059958,0.0,50,555,0.009132623672485352,
BIGGS6NE,6,13,-1,0.0,0.04488674095794903,50,888,0.033513784408569336,
BIGGSC4,4,7,1,-24.50029612393396,9.868659054484085e-05,19,161,0.011843681335449219,
BLEACHNG,9,0,0,18236.186792601067,0.0,50,966,158.08442330360413,
BOOTH,2,2,-1,0.0,0.0002866854222555574,50,614,0.016309261322021484,
BOX2,2,0,1,5.846883652860379e-19,0.0,6,75,0.0053899288177490234,
BOX3,3,0,1,5.846883652860379e-19,0.0,6,82,0.005134105682373047,
BOX3NE,3,10,1,0.0,7.646491779149691e-10,10,97,0.016722917556762695,
BOXBOD,2,6,-3,0.0,418.37080734739453,15,201,0.01276254653930664,
BOXBODLS,2,0,1,9771.472311269492,0.0,6,40,0.0063550472259521484,
BQP1VAR,1,0,1,3.88567190375478e-07,0.0,10,35,0.005434989929199219,
BQPGABIM,46,0,1,-8.534641457308e-06,0.0,8,450,0.008631229400634766,
BQPGASIM,50,0,1,-2.798186252993852e-05,0.0,14,844,0.01243281364440918,
BRANIN,2,0,1,0.39788779181832107,0.0,7,38,0.005478620529174805,
BRITGAS,450,360,0,5.460675360081967e+20,2.0408556558875023e+55,2,1355,0.2199695110321045,
BRKMCC,2,0,1,0.16904268456579277,0.0,7,69,0.0039784908294677734,
BROWNAL,200,0,0,1964981.9030510515,0.0,5,1050,0.06278729438781738,
BROWNALE,200,200,0,0.0,0.019206590146038684,3,1005,0.1323528289794922,
BROWNBS,2,0,1,7921359.909996208,0.0,36,496,0.00817561149597168,
BROWNBSNE,2,3,-1,0.0,789408.6519837895,50,623,0.018369197845458984,
BROWNDEN,4,0,1,7225371.879615385,0.0,36,577,0.007888555526733398,
BROWNDENE,4,20,-1,0.0,858.7203928664285,50,621,0.02292656898498535,
BT1,2,1,1,-1.0000000096374377,9.685872768572095e-11,10,102,0.004976749420166016,
BT10,2,2,1,-1.0000182235682487,3.3278344470533995e-05,13,90,0.012866973876953125,
BT11,5,3,1,0.8248308373791761,6.275587703564528e-05,6,98,0.009538412094116211,
BT12,5,3,1,6.188306261541608,4.566110068775501e-05,11,221,0.012425422668457031,
BT13,5,1,1,-1.7439784960730268e-26,6.136864880411162e-05,40,679,0.010517120361328125,
BT2,3,1,1,0.032568200616751364,1.4337322440383105e-09,11,143,0.006272554397583008,
BT3,5,3,1,4.092455315239869,9.72057830628461e-05,30,399,0.014507770538330078,
BT4,3,2,1,-19.102018009075827,6.362885925895873e-05,18,421,0.012505531311035156,
BT5,3,2,1,961.715166291112,5.1440309274397595e-06,6,65,0.030365943908691406,
BT6,5,2,1,0.27704566705176586,3.12041478826823e-06,7,122,0.012413263320922852,
BT7,5,3,1,306.4101282955437,8.315526898158634e-05,26,522,0.013295650482177734,
BT8,5,2,1,0.9999870946403944,1.3881258383256903e-05,6,78,0.009942054748535156,
BT9,4,2,1,-1.0000025830882209,3.629458754393337e-05,9,124,0.01011967658996582,
BURKEHAN,1,1,-1,-5e+19,2.5e+39,50,701,0.011128425598144531,
BYRDSPHR,3,2,1,-4.683367067766207,9.466050919614385e-05,19,153,0.00964808464050293,
C-RELOAD,342,284,0,-1.1099999999999999,9.948954506002125e+20,2,1039,0.16283035278320312,
CAMEL6,2,0,1,-1.0316284422056683,0.0,7,51,0.003990888595581055,
CANTILVR,5,1,0,0.3744,70.625,46,1002,0.01308131217956543,
CB2,3,3,-1,2.0,18.0,50,901,0.017205476760864258,
CB3,3,3,-1,2.0,18.0,50,901,0.016977548599243164,
CERI651A,7,61,0,0.0,19.30136393222438,50,1001,0.32791805267333984,
CERI651ALS,7,0,-2,391.70736110939174,0.0,50,982,0.017757177352905273,
CERI651B,7,66,-1,0.0,9.823794568962137,50,970,0.2443709373474121,
CERI651BLS,7,0,1,96.63861352240225,0.0,39,803,0.015159368515014648,
CERI651C,7,56,-1,0.0,7.629175066316238,50,941,0.12079739570617676,
CERI651CLS,7,0,1,58.41933857022055,0.0,37,733,0.014885187149047852,
CERI651D,7,67,0,0.0,4.058831207335533,50,1004,0.40288686752319336,
CERI651DLS,7,0,0,16.867634752521337,0.0,39,1000,0.019521236419677734,
CERI651E,7,64,-3,0.0,5.071682375977554,13,281,0.09928035736083984,
CERI651ELS,7,0,-2,25.72776808920488,0.0,50,884,0.020371198654174805,
CHACONN1,3,3,-1,0.0,3.301770770709549,50,901,0.01993870735168457,
CHACONN2,3,3,-1,1.0,19.026297590440446,50,901,0.02053356170654297,
CHANDHEQ,100,100,0,0.0,1.632063125899466,5,1011,0.1673297882080078,
CHANDHEU,500,500,0,0.0,1.8234792879506567,1,1002,2.5471932888031006,
CHEBYQAD,100,0,-3,0.018576182235465415,0.0,6,625,0.29486918449401855,
CHEBYQADNE,100,100,0,0.0,0.13629446883665314,5,1050,0.5803437232971191,
CHNROSNB,50,0,0,80.65175606403352,0.0,8,1047,0.010483026504516602,
CHNRSBNE,50,98,0,0.0,6.856975859508138,10,1033,0.10043096542358398,
CHNRSNBM,50,0,0,84.15095221726973,0.0,7,1048,0.01137852668762207,
CHNRSNBMNE,50,98,0,0.0,6.321505289419454,10,1030,0.11324405670166016,
CHWIRUT1,3,214,-3,0.0,223.7602487362266,18,217,2.809678316116333,
CHWIRUT1LS,3,0,1,50068.64891449799,0.0,36,541,0.011066198348999023,
CHWIRUT2,3,54,-3,0.0,121.63383638937525,18,217,0.1286754608154297,
CHWIRUT2LS,3,0,1,14794.790154797307,0.0,36,541,0.008733749389648438,
CLEUVEN7,360,946,0,1.9912591285663497e+38,1.8353766772590277e+22,2,1093,1.6537110805511475,
CLIFF,2,0,1,0.20069564259858358,0.0,6,60,0.004586219787597656,
CLUSTER,2,2,1,0.0,1.0675897927366942e-05,25,185,0.012142181396484375,
CLUSTERLS,2,0,1,1.053131666206417e-05,0.0,18,74,0.004549980163574219,
COATING,134,0,0,14981.054583983307,0.0,7,1012,0.029321670532226562,
COATINGNE,134,252,0,0.0,4.755235916818014,4,1080,0.26877450942993164,
CONCON,15,11,-3,2e+20,5e+39,6,205,0.010575056076049805,
CONGIGMZ,3,5,-1,3.0,22.58317958127243,50,901,0.018814802169799805,
COOLHANS,9,9,0,0.0,0.005336469857707334,43,1000,0.02480030059814453,
COOLHANSLS,9,0,0,0.056984174353686884,0.0,47,1000,0.010108232498168945,
CORE1,65,59,-3,75.77039999999998,1.5e+20,6,845,0.027536392211914062,
CORE2,157,134,0,67.520825,1.414213562320062e+30,4,1128,0.09296536445617676,
CRESC100,6,200,-3,nan,0.0,25,558,0.37967586517333984,
CRESC4,6,8,0,2.8821855788993394,3172.3316074313175,42,1000,0.020781755447387695,
CRESC50,6,100,-3,nan,0.0,25,558,0.056944847106933594,
CSFI1,5,4,-3,-5e+19,2.6041666666666668e+57,6,125,0.016460180282592773,
CSFI2,5,4,-3,5e+19,2.6041666666666668e+57,6,125,0.010465621948242188,
CUBE,2,0,1,3.486928163814435e-05,0.0,18,218,0.006162881851196289,
CUBENE,2,2,1,0.0,4.1100574442444516e-05,12,79,0.010062694549560547,
DALLASM,196,151,1,-34702.23234241927,5.830287579750552e-13,4,1184,0.08226203918457031,
DALLASS,46,31,1,-10656.417365569878,7.273241613019536e-14,7,446,0.021710872650146484,
DANIWOOD,2,6,-1,0.0,0.06844040770228235,50,416,0.01594710350036621,
DANIWOODLS,2,0,1,103.917818,0.0,6,75,0.0052568912506103516,
DANWOOD,2,6,-1,0.0,0.06592429484428394,50,429,0.014797449111938477,
DANWOODLS,2,0,-3,149.71921907712198,0.0,12,121,0.005337953567504883,
DECONVB,51,0,0,1.5037515371676744e+31,0.0,5,1003,0.01455235481262207,
DECONVBNE,51,40,0,0.0,4.752302073732266e+21,9,1000,0.0276029109954834,
DECONVC,51,1,-3,2.509375e+82,2.75e+40,6,637,0.014496088027954102,
DECONVNE,51,40,1,0.0,1.850771367305933e-06,6,583,0.02067875862121582,
DECONVU,51,0,0,0.05691248048438808,0.0,8,1021,0.013964176177978516,
DEGENLPA,20,15,1,3.097691162740334,1.583558285113849e-12,35,1018,0.031183958053588867,
DEGENLPB,20,15,1,-30.6928218339079,9.970957660102875e-05,13,505,0.017380237579345703,
DEMBO7,16,20,0,394.50029837010754,144.51748962451268,23,1002,0.024227380752563477,
DEMYMALO,3,3,-1,1.0,7.0710678118654755,50,901,0.018026113510131836,
DENSCHNA,2,0,1,4.16116023545909e-08,0.0,9,49,0.00520014762878418,
DENSCHNB,2,0,1,1.3465820422709031e-08,0.0,7,41,0.0045855045318603516,
DENSCHNBNE,2,3,1,0.0,5.165444117196486e-05,14,105,0.009779930114746094,
DENSCHNC,2,0,1,0.18336196086190656,0.0,8,61,0.0057201385498046875,
DENSCHNCNE,2,2,1,0.0,7.22156891598208e-05,16,97,0.008022308349609375,
DENSCHND,3,0,-2,63514694.68400045,0.0,50,751,0.008612871170043945,
DENSCHNDNE,3,3,1,0.0,3.437542544513333e-05,18,145,0.027013778686523438,
DENSCHNE,3,0,1,0.9993305449837917,0.0,6,43,0.005887269973754883,
DENSCHNENE,3,3,-1,0.0,0.6757482985685652,50,743,0.020127058029174805,
DENSCHNF,2,0,1,4.13704981020565e-09,0.0,7,71,0.006428956985473633,
DENSCHNFNE,2,2,1,0.0,3.6203590576658864e-05,7,43,0.011203527450561523,
DEVGLA1,4,0,-2,80304.539183524,0.0,50,793,0.009932994842529297,
DEVGLA1B,4,0,0,3.634560159754101e-05,0.0,50,943,0.01110982894897461,
DEVGLA1NE,4,24,-3,0.0,176.38844111969436,6,121,0.021147727966308594,
DEVGLA2,5,0,-3,3605.9940730478943,0.0,14,191,0.0055615901947021484,
DEVGLA2B,5,0,1,279258.5789143901,0.0,37,635,0.011243581771850586,
DEVGLA2NE,5,16,-3,0.0,95.5538169453006,20,301,0.017637014389038086,
DGOSPEC,3,0,1,-988.9522218560495,0.0,11,87,0.005162239074707031,
DIAMON2DLS,66,0,1,13124.659815083714,0.0,8,748,1.2745342254638672,
DIAMON3DLS,99,0,1,480834.5179555031,0.0,10,1088,2.332218647003174,
DIPIGRI,7,4,1,680.6310083359105,5.088564294560512e-06,15,396,0.011368989944458008,
DISC2,29,23,0,1.5,292.0191560497359,15,1010,0.022560834884643555,
DISCS,33,66,-3,6e+20,8.124038404635953e+40,6,461,0.025600194931030273,
DIXCHLNG,10,5,1,307356.7193979885,4.670771655124195e-05,31,1009,0.01921367645263672,
DJTL,2,0,1,-6357.039607481745,0.0,36,515,0.008103609085083008,
DMN15102LS,66,0,1,13124.659815083714,0.0,8,748,1.303276777267456,
DMN15103LS,99,0,1,480834.5179555031,0.0,10,1088,2.329361915588379,
DMN15332LS,66,0,0,1965.2667493056933,0.0,8,1055,1.8017981052398682,
DMN15333LS,99,0,0,194312.14004902038,0.0,9,1000,2.1221041679382324,
DMN37142LS,66,0,1,431.6935177346129,0.0,7,774,1.3093633651733398,
DMN37143LS,99,0,0,381.44754974841373,0.0,7,1029,2.1665761470794678,
DNIEPER,57,24,0,19199.838024647626,2.0298937202450035e-08,7,1044,0.02326345443725586,
DUAL1,85,1,0,0.05622247025992591,1.240250957490474e-12,6,1037,0.05271029472351074,
DUAL2,96,1,0,0.04600938411646553,1.3988341734938459e-12,6,1076,0.059007883071899414,
DUAL3,111,1,0,0.17313726070887933,1.7973634733325916e-12,5,1013,0.0741417407989502,
DUAL4,75,1,0,0.7649248369993348,3.0804135284223655e-13,7,1000,0.04317593574523926,
DUALC1,9,215,0,2704306.09918,199.91123029985084,34,1000,0.7329847812652588,
DUALC2,7,229,-3,251777.083346805,181.03452709359064,37,955,0.7825403213500977,
DUALC5,8,278,1,427.232844308435,3.334268972032817e-11,15,224,1.2005393505096436,
DUALC8,8,503,0,1568935.4523551534,63.8298519503218,36,1000,4.368289470672607,
ECKERLE4,3,35,-1,0.0,0.8356633284630389,50,443,0.08845639228820801,
ECKERLE4LS,3,0,1,0.6996960949097669,0.0,7,44,0.004929304122924805,
EG1,3,0,1,-1.4293138667794922,9.078082371161145e-06,10,82,0.005099773406982422,
EGGCRATE,2,0,1,9.488197341489112,0.0,7,53,0.0050356388092041016,
EGGCRATEB,2,0,1,9.488199003866972,0.0,12,106,0.006253242492675781,
EGGCRATENE,2,4,-1,0.0,3.102565086108903,50,584,0.017505884170532227,
EIGMAXA,101,101,0,-0.11158487398377159,0.9103302194098919,5,1024,0.08828210830688477,
EIGMAXB,101,101,0,-0.0035359224344071035,0.21353009351977506,5,1021,0.06738638877868652,
EIGMAXC,202,202,0,0.0008824144612468166,0.9452054253479485,3,1015,0.11856889724731445,
EIGMINA,101,101,0,0.09726472196272626,0.9182134770187286,5,1023,0.08997726440429688,
EIGMINB,101,101,0,-0.002403687649692238,0.2135946510706634,5,1021,0.05928635597229004,
EIGMINC,202,202,0,-0.000961721010202643,0.9452058830522487,3,1015,0.12665891647338867,
ELATTAR,7,102,-3,nan,0.0,31,759,0.08003926277160645,
ELATVIDU,2,0,1,16002.0,0.0,36,505,0.0076024532318115234,
ELATVIDUB,2,0,1,54.751118919318614,0.0,7,58,0.006414175033569336,
ELATVIDUNE,2,3,-1,0.0,1.3174456428318435,50,358,0.015754222869873047,
ENGVAL2,3,0,1,72.0,0.0,36,540,0.009898900985717773,
ENGVAL2NE,3,5,1,0.0,5.422042793310452e-05,15,133,0.010897397994995117,
ENSO,9,168,0,0.0,28.379282444319298,44,1007,1.8171980381011963,
ENSOLS,9,0,1,788.5398756681302,0.0,19,475,0.02064824104309082,
EQC,7,3,0,-826.7851756496058,0.31445667478547557,39,1004,0.022439241409301758,
ERRINBAR,18,9,-3,1.4752098760000002e+21,2.9315098508093876e+39,6,281,0.012851476669311523,
ERRINROS,50,0,1,82955.090398861,0.0,17,1044,0.013759136199951172,
ERRINROSNE,50,98,0,0.0,6.510158409820779,10,1011,0.1536235809326172,
ERRINRSM,50,0,1,138232.90250586698,0.0,17,1044,0.014974117279052734,
ERRINRSMNE,50,98,0,0.0,6.253850450956642,10,1049,0.09032344818115234,
EXP2,2,0,1,9.816614879702739e-09,0.0,7,40,0.004793643951416016,
EXP2B,2,0,1,1.0166842256523093e-07,0.0,7,38,0.003887176513671875,
EXP2NE,2,10,1,0.0,9.085912380240296e-05,17,157,0.013287067413330078,
EXPFIT,2,0,1,0.24051066060867624,0.0,10,86,0.005327463150024414,
EXPFITA,5,22,-3,29.985977435784125,0.0,6,125,0.012022018432617188,
EXPFITB,5,102,-3,149.90448520263868,0.0,6,125,0.021756887435913086,
EXPFITC,5,502,-3,749.5197967446427,0.0,6,125,0.6913151741027832,
EXPFITNE,2,10,-1,0.0,0.4911847700376503,50,546,0.02630448341369629,
EXTRASIM,2,1,-3,5e+19,5e+19,6,49,0.006256580352783203,
FBRAIN2LS,4,0,1,0.36839036492783805,0.0,14,201,0.05464029312133789,
FBRAIN3LS,6,0,1,0.25927900073464755,0.0,40,1000,0.3551900386810303,
FBRAINLS,2,0,1,0.41660315909074797,0.0,9,96,0.01791238784790039,
FCCU,19,8,1,11.148704593139794,9.999999998968739e-05,22,866,0.02028059959411621,
FEEDLOC,87,259,0,2.5,82.1268508920309,6,1018,0.26392054557800293,
FLETCHER,4,4,-3,0.0,nan,6,121,0.00981903076171875,
FLT,2,2,1,0.0006909894711581885,9.538811373532755e-05,13,83,0.011670112609863281,
FREURONE,2,2,-1,0.0,6.999102849853615,50,718,0.015642642974853516,
GAUSS1,8,250,-1,0.0,67.00760712063885,50,979,3.4335780143737793,
GAUSS1LS,8,0,0,1316.0280508267347,0.0,39,1000,0.057099342346191406,
GAUSS2,8,250,0,0.0,57.909248426026515,45,1000,6.328573703765869,
GAUSS2LS,8,0,0,1247.6736486346256,0.0,40,1000,0.029036283493041992,
GAUSS3,8,250,0,0.0,57.913640146550705,46,1006,5.479528427124023,
GAUSS3LS,8,0,0,1244.5051511402914,0.0,42,1000,0.030040740966796875,
GAUSSIAN,3,0,1,2.04705170818473e-07,0.0,6,73,0.004241228103637695,
GBRAINLS,2,0,1,41.031102560081216,0.0,36,505,0.06974148750305176,
GENHS28,10,8,1,0.9271736937833307,7.16054475612014e-14,7,113,0.010610818862915039,
GENROSE,500,0,0,1740.5880331612402,0.0,2,1014,0.07424736022949219,
GENROSEB,500,0,0,2417.189326919546,0.0,2,1004,0.07975220680236816,
GENROSEBNE,500,998,0,0.0,52.85323429081701,1,1002,2.7048439979553223,
GIGOMEZ1,3,3,-1,3.0,15.811388300841896,50,901,0.020485401153564453,
GIGOMEZ2,3,3,-1,3.0,17.0,50,901,0.01708841323852539,
GIGOMEZ3,3,3,-1,3.0,17.0,50,901,0.022327184677124023,
GMNCASE1,175,300,0,0.0016520481633897272,0.12211173157348645,3,1076,0.5245800018310547,
GMNCASE4,175,350,0,8.733915,9.240103810623156,3,1076,0.46186399459838867,
GOFFIN,51,50,0,0.0,3603.3872953097894,9,1016,0.028890371322631836,
GOTTFR,2,2,1,0.0,4.766976478270674e-05,13,101,0.013368368148803711,
GOULDQP1,32,17,1,-3485.296968490994,1.7320508081457268e-05,13,1023,0.028406143188476562,
GROUPING,100,125,0,173.05239409038066,2.913902863011792,5,1030,0.13278985023498535,
GROWTH,3,12,-1,0.0,1.0115740919883367,50,550,0.026296615600585938,
GROWTHLS,3,0,1,3542.14903046,0.0,6,81,0.005544185638427734,
GULF,3,0,1,2.255634409785559e-05,0.0,11,144,0.006619930267333984,
GULFNE,3,99,-1,0.0,2.4691619888466048,50,497,0.5763962268829346,
HADAMALS,380,0,0,7914.07899550699,0.0,3,1147,0.09348869323730469,
HAHN1,7,236,-1,0.0,79.7369971048373,50,837,4.751407861709595,
HAHN1LS,7,0,0,1547.5847788176766,0.0,15,1000,0.015783309936523438,
HAIFAM,99,150,0,96.1682591957242,0.0,5,1004,0.16723179817199707,
HAIFAS,13,9,1,0.0,0.0,27,1002,0.022543668746948242,
HAIRY,2,0,1,20.00000095931925,0.0,11,159,0.00739598274230957,
HALDMADS,6,42,-3,nan,0.0,6,110,0.015540599822998047,
HART6,6,0,1,-3.322864624082083,0.0,21,294,0.006679534912109375,
HATFLDA,4,0,1,2.6776713890420268e-08,0.0,12,143,0.004852294921875,
HATFLDANE,4,4,-1,0.0,0.33439671013155553,50,760,0.0185239315032959,
HATFLDB,4,0,1,0.005573496899254529,0.0,10,115,0.0054285526275634766,
HATFLDBNE,4,4,-1,0.0,0.33439671013155553,50,760,0.019416093826293945,
HATFLDC,25,0,1,3.988855049573404e-06,0.0,18,665,0.013761758804321289,
HATFLDCNE,25,25,0,0.0,0.000501917039563293,19,1004,0.04567408561706543,
HATFLDD,3,0,-2,0.0004133059649119055,0.0,50,280,0.006796121597290039,
HATFLDDNE,3,10,-1,0.0,0.0002681299480950808,50,484,0.020389318466186523,
HATFLDE,3,0,1,0.004728300260652055,0.0,7,76,0.0054857730865478516,
HATFLDENE,3,21,-1,0.0,0.011842181890212482,50,527,0.03589987754821777,
HATFLDF,3,3,-1,0.0,0.009686387704438994,50,660,0.015409469604492188,
HATFLDFL,3,0,1,6.747819767837495e-05,0.0,7,84,0.0052678585052490234,
HATFLDFLNE,3,3,-1,0.0,0.008093185971224147,50,505,0.014356613159179688,
HATFLDFLS,3,0,1,0.00012037179151165673,0.0,16,119,0.005689382553100586,
HATFLDG,25,25,0,0.0,6.0316996671504025e-05,20,1014,0.039565324783325195,
HATFLDGLS,25,0,1,1.5719234533904458e-06,0.0,16,935,0.009902715682983398,
HATFLDH,4,7,1,-24.50029612393396,9.868659054484085e-05,19,161,0.017019987106323242,
HEART6,6,6,-1,0.0,0.0001482658961964659,50,743,0.021463871002197266,
HEART6LS,6,0,-2,57.31426001501777,0.0,50,897,0.00979757308959961,
HEART8,8,8,1,0.0,9.907055176705701e-05,43,843,0.028339624404907227,
HEART8LS,8,0,0,18.6326163018702,0.0,48,1000,0.014055728912353516,
HELIX,3,0,1,1.942337125987576e-06,0.0,15,225,0.011294841766357422,
HELIXNE,3,3,1,0.0,6.714419243433053e-05,12,101,0.011826038360595703,
HIELOW,3,0,-3,-inf,0.0,7,102,0.01746368408203125,
HILBERTA,2,0,1,5.7587772872897276e-08,0.0,9,43,0.005274772644042969,
HILBERTB,10,0,1,1.5107959930082947e-05,0.0,9,179,0.007401466369628906,
HIMMELBA,2,2,-1,0.0,0.0004675694798392936,50,614,0.019111156463623047,
HIMMELBB,2,0,1,7.251754122999928e-06,0.0,6,35,0.0046727657318115234,
HIMMELBC,2,2,1,0.0,6.467893792639758e-05,9,55,0.009691476821899414,
HIMMELBCLS,2,0,1,9.859462601830025e-10,0.0,8,77,0.005669593811035156,
HIMMELBD,2,2,-1,0.0,2.909498112243446,50,614,0.017272233963012695,
HIMMELBE,3,3,1,0.0,7.578572659443076e-05,12,97,0.009472131729125977,
HIMMELBF,4,0,-2,22091.672365888116,0.0,50,801,0.008974790573120117,
HIMMELBFNE,4,7,-1,0.0,1824.5470468364263,50,714,0.023354530334472656,
HIMMELBG,2,0,1,1.8123386531155254e-07,0.0,10,58,0.005506038665771484,
HIMMELBH,2,0,1,-0.999999951248955,0.0,7,41,0.005006551742553711,
HIMMELBI,100,12,0,-1755.0,21914.036597578273,5,1050,0.025689363479614258,
HIMMELBJ,43,14,0,-1857.8849219928165,4.7899005497714016e-05,12,1012,0.03165745735168457,
HIMMELBK,24,14,1,0.10075048826400906,8.982305502104894e-06,10,1010,0.025720834732055664,
HIMMELP1,2,0,1,-62.05392154990534,0.0,10,60,0.005129575729370117,
HIMMELP2,2,1,1,-62.053928119858824,0.0,18,149,0.0059604644775390625,
HIMMELP3,2,2,1,-8.667008053100858,0.0,7,38,0.008558273315429688,
HIMMELP4,2,3,1,-8.680723260239574,0.0,8,57,0.009343385696411133,
HIMMELP5,2,3,-3,nan,0.0,42,650,0.014810323715209961,
HIMMELP6,2,5,-3,nan,0.0,42,650,0.015517711639404297,
HOLMES,180,0,0,inf,0.0,6,1102,0.3694722652435303,
HONG,4,1,1,22.57108739352482,1.0436096431476471e-14,9,106,0.006125450134277344,
HS1,2,0,1,9.069214757370826e-06,0.0,16,236,0.005341768264770508,
HS10,2,1,-1,-19.0,522.0,50,801,0.011324644088745117,
HS100,7,4,1,680.6310092140012,1.4022296446702136e-05,15,396,0.015305757522583008,
HS100LNP,7,2,0,680.6376957474247,6.324908336401655e-05,49,1002,0.01714944839477539,
HS100MOD,7,4,-2,679.222471938886,3.911331191375211e-06,50,807,0.016049861907958984,
HS101,7,5,0,1890.9623248005887,315.072349831002,39,1004,0.025906801223754883,
HS102,7,5,0,1891.98247530161,315.072349831002,39,1004,0.018841028213500977,
HS103,7,5,0,1893.9799025314835,315.072349831002,39,1004,0.021795034408569336,
HS104,8,5,0,3.6573656982192175,0.16346144547428298,36,1000,0.022673845291137695,
HS105,8,1,-3,1204.976446656669,0.0,6,152,0.010637760162353516,
HS106,8,6,0,15000.0,57500.0,36,1000,0.021789073944091797,
HS107,9,6,1,5055.013599537203,8.810085856279845e-05,41,936,0.021416902542114258,
HS108,9,13,0,0.0,1.7320508075688772,34,1000,0.02580857276916504,
HS109,9,10,-3,1.9025925e+53,3.535533905932738e+39,6,173,0.01405644416809082,
HS11,2,1,-1,-23.779999999999998,22.910000000000004,50,801,0.012847423553466797,
HS110,10,0,-3,-43.13434222210946,0.0,6,85,0.005321025848388672,
HS111,10,3,1,-45.57341837483649,7.115312582664308e-05,25,1002,0.025657176971435547,
HS111LNP,10,3,1,-47.757393976013155,9.859358285839479e-05,17,522,0.016873836517333984,
HS112,10,3,1,-47.76098121283213,9.999999988237473e-05,14,249,0.011461496353149414,
HS113,10,8,1,24.30609000296475,9.49003380062962e-05,31,1002,0.026941537857055664,
HS114,10,11,0,-5288.7499369625,1271.8757355860428,32,1003,0.02314472198486328,
HS116,13,14,0,225.50009999999997,230.1058470138483,27,1002,0.024371623992919922,
HS117,15,5,0,42.25619110538211,0.0,22,1008,0.023821353912353516,
HS118,15,17,1,942.7162499999997,0.0,24,1000,0.021596431732177734,
HS119,16,8,1,244.89977452376047,3.653966929133968e-12,13,398,0.01399374008178711,
HS12,2,1,-2,-7.487768402392067,0.0,50,647,0.011387348175048828,
HS13,2,1,-1,5e+39,1.25e+59,50,801,0.012736797332763672,
HS14,2,2,-3,1.0,4.123105625617661,31,489,0.014943599700927734,
HS15,2,2,-1,4.0,2.0,50,801,0.016125917434692383,
HS16,2,2,-1,2.5e+41,2.5e+39,50,801,0.017346858978271484,
HS17,2,2,-1,2.5e+41,2.5e+39,50,801,0.01674032211303711,
HS18,2,2,1,4.999990044408091,4.981765065181776e-05,19,157,0.03339648246765137,
HS19,2,2,-1,-1808.8582959999999,116.70560000000003,50,801,0.029069185256958008,
HS1NE,2,2,1,0.0,8.537945377917684e-05,13,91,0.014544486999511719,
HS2,2,0,1,2.5e+41,0.0,6,85,0.0066814422607421875,
HS20,2,3,0,101.0,0.0,50,793,0.01721358299255371,
HS21,2,1,1,-93.24142055271776,0.0,6,64,0.004564762115478516,
HS21MOD,7,1,1,5.050000000000001e+59,0.0,36,649,0.011350870132446289,
HS22,2,2,-1,1.0,2.8284271247461903,50,801,0.016187191009521484,
HS23,2,5,-3,13.0,0.0,30,473,0.014585733413696289,
HS24,2,3,1,-0.9999998311112067,0.0,9,91,0.011332035064697266,
HS25,3,0,1,4.706098324405307e-06,0.0,14,126,0.006165266036987305,
HS25NE,3,99,-1,0.0,0.00012581168771056046,50,537,0.6026797294616699,
HS26,3,1,1,2.8402034887381546e-07,1.0614395082875205e-06,27,621,0.015030860900878906,
HS268,5,5,-3,12045.928184970686,9.46605089776119e-05,33,719,0.019411087036132812,
HS27,3,1,1,0.04000156812818424,1.817828263961921e-05,9,127,0.0071980953216552734,
HS28,3,1,1,7.031939528368053e-10,6.774035123413569e-05,12,189,0.006887197494506836,
HS29,3,1,1,-22.627225322257615,0.0,9,96,0.004859447479248047,
HS2NE,2,2,-1,0.0,5e+20,50,801,0.021419763565063477,
HS3,2,0,1,0.0010004193329212858,0.0,10,44,0.006097316741943359,
HS30,3,1,1,1.0000003420652852,0.0,16,147,0.006804943084716797,
HS31,3,1,1,221.5,0.0,50,901,0.014120817184448242,
HS32,3,2,1,1.0000002481479902,6.439293542825908e-15,8,41,0.012315750122070312,
HS33,3,2,-1,1.25e+59,7.071067811865475e+39,50,901,0.015618085861206055,
HS34,3,2,-1,-3.738802682884983,373361327.9728338,50,821,0.017830848693847656,
HS35,3,1,1,0.11109042925300039,9.307820067738781e-05,15,104,0.006129264831542969,
HS35I,3,1,1,0.11109042925300039,9.307820067738781e-05,15,104,0.006283998489379883,
HS35MOD,2,1,1,0.25,0.0,7,32,0.005082130432128906,
HS36,3,1,1,-3299.998797340416,0.0,12,65,0.005471706390380859,
HS37,3,2,1,-3455.150747161869,0.0,9,75,0.00986623764038086,
HS38,4,0,1,4.3292022008297915e-07,0.0,19,353,0.0062143802642822266,
HS39,4,2,1,-1.0000025830882209,3.629458754393337e-05,9,124,0.01248311996459961,
HS3MOD,2,0,1,1.835382647281494e-07,0.0,12,74,0.004691362380981445,
HS4,2,0,1,2.6666669871174515,0.0,11,51,0.005346536636352539,
HS40,4,3,1,-0.25000548383266624,1.6388301171000343e-05,6,78,0.00925588607788086,
HS41,4,1,1,1.9259205920546836,9.000000007008957e-05,19,146,0.006766319274902344,
HS42,4,2,1,13.857681194681344,9.837549031077586e-05,8,93,0.011419057846069336,
HS43,4,3,1,-43.99058547953076,0.0,7,110,0.03052234649658203,
HS44,4,6,0,0.0,5.123475382979799e+20,50,1000,0.03251910209655762,
HS44NEW,4,6,1,-15.000170854969594,9.511990163193386e-05,17,136,0.01632833480834961,
HS45,5,0,1,0.9999910651800592,9.780198792164185e-06,14,201,0.0067729949951171875,
HS46,5,2,0,3.3376262660372213,1.9035607113752688e-10,35,1000,0.025974273681640625,
HS47,5,3,1,-0.026741755428513047,9.504750814007861e-05,11,237,0.01386570930480957,
HS48,5,2,1,0.0,1.5790166239036753e-14,8,104,0.023317337036132812,
HS49,5,2,1,1.7339682675795503e-06,1.5456601345256447e-13,22,536,0.01743602752685547,
HS5,2,0,1,-1.9132229399147398,0.0,7,44,0.005320549011230469,
HS50,5,3,1,1.200295353192419e-10,9.061984546720146e-12,12,213,0.012752294540405273,
HS51,5,3,1,1.3461926615815075e-10,1.472877282518059e-15,9,113,0.0161435604095459,
HS52,5,3,1,5.32601096640971,9.972760834611972e-05,22,288,0.012399673461914062,
HS53,5,3,1,4.0924206388115945,9.931868259108585e-05,30,403,0.013434648513793945,
HS54,6,1,1,-0.15441958116330684,1.8189894035458565e-12,6,88,0.005640983581542969,
HS55,6,6,0,3e+20,4.0311288741492746e+20,42,1000,0.021352291107177734,
HS56,7,4,1,-0.9999999966595433,9.685276405862493e-09,20,821,0.018507719039916992,
HS57,2,1,1,0.030646445176400108,0.0,6,66,0.005654096603393555,
HS59,2,3,-3,9.837542145737757,0.0,12,138,0.009244680404663086,
HS6,2,1,1,7.16993043507887e-11,1.553202011450594e-11,9,128,0.0063762664794921875,
HS60,3,1,1,0.03256820263423543,1.9236480852669047e-08,7,72,0.006420612335205078,
HS61,3,2,1,-81.91922523361296,4.968552178685125e-05,9,119,0.013197898864746094,
HS62,3,1,1,-26273.114416913253,9.99999999435966e-05,17,187,0.007413148880004883,
HS63,3,2,1,961.8475484945974,2.2032806299421565e-06,20,211,0.012237310409545898,
HS64,3,1,-1,194045.0,95.0,50,901,0.013314008712768555,
HS65,3,1,1,0.9535221478430206,8.165725683184633e-05,12,101,0.0057392120361328125,
HS66,3,2,-1,-1.0157523628375276,373361327.9728338,50,821,0.015223503112792969,
HS67,3,14,1,-1162.1183761149796,0.0,15,136,0.013633251190185547,
HS68,4,2,1,-0.9204322192009982,2.4672833632158045e-05,12,193,0.011030912399291992,
HS69,4,2,1,-956.7160385135968,7.487582972224159e-05,22,324,0.014772653579711914,
HS7,2,1,1,-1.7320692278844085,7.967478687120888e-05,6,43,0.005896568298339844,
HS70,4,1,1,0.008018771442531743,0.0,13,118,0.007244586944580078,
HS71,4,2,1,17.017194056942138,8.722869993160742e-05,12,233,0.011729955673217773,
HS72,4,2,0,6.0,5.721391204700567,50,1000,0.01846623420715332,
HS73,4,3,1,29.89438465060609,1.2067014054650826e-12,12,106,0.010503768920898438,
HS74,4,5,1,5126.497995159691,3.0337561196074015e-05,8,104,0.013430118560791016,
HS75,4,5,1,5174.413744248375,3.4919298334241706e-09,13,169,0.011122941970825195,
HS76,4,3,1,-4.681857001472318,9.965281018875505e-05,17,131,0.011407136917114258,
HS76I,4,3,1,-4.681857001472318,9.965281018875505e-05,17,131,0.011343002319335938,
HS77,5,2,1,0.24150492053553282,7.356018782411394e-06,8,122,0.009523630142211914,
HS78,5,3,1,-2.9197292534242227,6.819653073506169e-05,6,94,0.009227991104125977,
HS79,5,3,1,0.07877912211697628,2.4182424466773485e-06,6,79,0.01097726821899414,
HS8,2,2,1,-1.0,3.768736010790191e-05,9,55,0.010301828384399414,
HS80,5,3,1,0.053948503875507835,6.750994765218228e-05,7,98,0.009964704513549805,
HS81,5,3,1,0.05394878253433699,2.106537277628982e-05,9,166,0.013517141342163086,
HS83,5,3,1,-30665.53171226431,0.0,12,97,0.01213693618774414,
HS84,5,3,-2,-5063124.875401273,9.996956672253532e-06,50,487,0.01553797721862793,
HS85,5,21,1,-1.7797589649770713,0.0,15,247,0.029219865798950195,
HS86,5,10,0,3.75e+60,1.300086535581382e+21,46,1002,0.02150273323059082,
HS87,6,4,1,8998.467428663072,7.252706211954046e-05,11,214,0.027988433837890625,
HS88,2,1,-1,2.5,0.023272540646240857,50,801,0.05428624153137207,
HS89,3,1,-1,0.8734567901234569,0.06711338310614046,50,901,0.07921195030212402,
HS9,2,1,1,-0.5000003475230921,3.0000000247554226e-05,8,28,0.00478672981262207,
HS90,4,1,0,3.0,0.0008397278376065672,50,1000,0.13383102416992188,
HS91,5,1,0,3.25,0.05355440658934164,46,1002,0.19598889350891113,
HS92,6,1,0,3.5,0.0010373892399782852,42,1000,0.2844676971435547,
HS93,6,2,-3,135.06943560128474,9.911996198861714e-05,34,607,0.014163970947265625,
HS95,6,4,1,0.015622991102349753,0.0,13,197,0.00986480712890625,
HS96,6,4,1,0.015622991102344636,0.0,13,197,0.013499736785888672,
HS97,6,4,0,4.930414691358024,0.005645679012345679,42,1000,0.017528772354125977,
HS98,6,4,0,4.930414691358024,0.005645679012345679,42,1000,0.020450830459594727,
HS99,7,2,1,-831079889.9068207,1.746247960952605e-10,41,983,0.025518417358398438,
HS99EXP,28,21,1,-1138659293990.257,9.929768460422111e-06,13,1019,0.02546238899230957,
HUBFIT,2,1,-1,9.375e+19,5e+19,50,801,0.01182413101196289,
HUMPS,2,0,-2,24.633766627626013,0.0,50,429,0.00710296630859375,
HYDC20LS,99,0,0,337.04038879533755,0.0,9,1000,0.029408931732177734,
HYDCAR20,99,99,0,0.0,0.44882584352942323,5,1000,0.1421053409576416,
HYDCAR6,29,29,0,0.0,0.042571181802928466,17,1000,0.04470491409301758,
HYDCAR6LS,29,0,1,372.40777645958224,0.0,25,1015,0.016834497451782227,
HYDROELS,167,168,0,-3394033.503230628,83.24541955639137,3,1008,0.16692376136779785,
HYPCIR,2,2,1,0.0,5.2084678246731224e-05,13,94,0.010661602020263672,
INTEQNE,12,12,0,0.0,0.00013919029364585899,47,1008,0.03035902976989746,
JENSMP,2,0,1,2020.0,0.0,6,75,0.0055925846099853516,
JENSMPNE,2,10,-1,0.0,40.57809449150658,50,675,0.02936553955078125,
JUDGE,2,0,1,20.482337046782014,0.0,8,64,0.005276203155517578,
JUDGEB,2,0,1,16.081730140938063,0.0,8,51,0.004218339920043945,
JUDGENE,2,20,-1,0.0,4.056624820154412,50,539,0.04309988021850586,
KIRBY2,5,151,-1,0.0,610.9708328122308,50,650,1.273733139038086,
KIRBY2LS,5,0,1,1208.2781196342257,0.0,41,821,0.013778924942016602,
KISSING,127,903,0,1.0,5.708803516056635,4,1054,2.5433199405670166,
KISSING2,94,625,0,55.19803704411279,29.501541573792174,5,1000,1.3789646625518799,
KIWCRESC,3,2,-1,0.0,2.850438562747845,50,901,0.019620180130004883,
KOEBHELB,3,0,1,112.22429399601405,0.0,6,85,0.0072727203369140625,
KOEBHELBNE,3,156,-1,0.0,10.629670840966833,50,555,2.0967371463775635,
KOWOSB,4,0,1,0.0004627153092405772,0.0,16,136,0.006447315216064453,
KOWOSBNE,4,11,-1,0.0,0.02345102604186256,50,910,0.0427861213684082,
LAKES,90,78,0,734589085065.8086,2360.4103995396194,6,1011,0.03849148750305176,
LANCZOS1,6,24,1,0.0,1.5925127756145236e-05,26,403,0.024345874786376953,
LANCZOS1LS,6,0,-2,0.0026062520540032275,0.0,50,486,0.008661508560180664,
LANCZOS2,6,24,1,0.0,1.7772021579713604e-05,26,403,0.025731563568115234,
LANCZOS2LS,6,0,-2,0.0026061173612502366,0.0,50,486,0.007982015609741211,
LANCZOS3,6,24,-1,0.0,0.00012800821393684687,50,749,0.0361027717590332,
LANCZOS3LS,6,0,-2,0.0026045637549762823,0.0,50,486,0.007153749465942383,
LAUNCH,25,28,0,5735.446061294421,40461208.13894349,17,1018,0.03387331962585449,
LEAKNET,156,153,1,15.287342660756122,1.8496228919121963e-12,4,1099,0.06870603561401367,
LEUVEN7,360,946,0,3.832629442457713e+38,1.8353766772590277e+22,2,1093,1.634335994720459,
LEVYMONE,100,200,0,0.0,2.202478275045971,5,1030,0.29379820823669434,
LEVYMONE10,10,20,-1,0.0,5.61962184259488,50,997,0.03789401054382324,
LEVYMONE5,2,4,-1,0.0,4.424024221230107,50,588,0.019063472747802734,
LEVYMONE6,3,6,-1,0.0,3.6197789833680583,50,647,0.016954898834228516,
LEVYMONE7,4,8,-1,0.0,3.137628126166481,50,711,0.03274989128112793,
LEVYMONE8,5,10,-1,0.0,3.555894870673707,50,688,0.023441791534423828,
LEVYMONE9,8,16,-1,0.0,3.3777157385432743,50,831,0.03547406196594238,
LEVYMONT,100,0,0,16.954507330390054,0.0,6,1046,0.01743769645690918,
LEVYMONT10,10,0,1,50.857410283965756,0.0,42,1009,0.009872674942016602,
LEVYMONT5,2,0,1,12.4871765026538,0.0,7,50,0.0052356719970703125,
LEVYMONT6,3,0,1,12.50371851157259,0.0,20,188,0.005848884582519531,
LEVYMONT7,4,0,1,12.510759056628157,0.0,9,106,0.00500178337097168,
LEVYMONT8,5,0,-2,0.6223340859324505,0.0,50,471,0.007055521011352539,
LEVYMONT9,8,0,-2,0.0008693248379142239,0.0,50,889,0.008385419845581055,
LEWISPOL,6,9,-1,1.1286124431788087,0.0001980181414270109,50,979,0.031499624252319336,
LHAIFAM,99,150,0,0.6931471805599453,0.0,6,1050,0.09963345527648926,
LIN,4,2,1,-0.017579264460498872,2.6935088808299777e-05,7,75,0.02081441879272461,
LINSPANH,81,33,0,-77.00437056473096,12687.37414757464,7,1066,0.030579328536987305,
LOADBAL,31,31,-3,0.06802532205574083,2.23606797749979e+22,6,437,0.025044918060302734,
LOGHAIRY,2,0,1,6.55091489141392,0.0,6,25,0.0050280094146728516,
LOGROS,2,0,1,190.64455908926004,0.0,6,85,0.005637645721435547,
LOOTSMA,3,2,-1,1.25e+59,7.071067811865475e+39,50,901,0.019659042358398438,
LOTSCHD,12,7,-3,2.14988325e+40,7.802723883362784e+20,6,169,0.009438276290893555,
LSC1,3,6,-1,0.0,38.052318580414024,50,662,0.021485090255737305,
LSC1LS,3,0,1,1096.2973548101081,0.0,12,197,0.0068209171295166016,
LSC2,3,6,-1,0.0,4.056146730646571,50,674,0.019526243209838867,
LSC2LS,3,0,-2,16.16623548073681,0.0,50,321,0.006803035736083984,
LSNNODOC,5,4,1,132.86240350503323,9.493542985708791e-15,12,103,0.010725021362304688,
LSQFIT,2,1,-1,2.0625e+39,5e+19,50,801,0.011997699737548828,
LUKSAN11,100,198,0,0.0,9.94351138975969,5,1022,0.2363753318786621,
LUKSAN11LS,100,0,0,389.06219397970114,0.0,6,1077,0.015408992767333984,
LUKSAN12,98,192,0,0.0,178.26166283046965,5,1000,0.24305009841918945,
LUKSAN12LS,98,0,0,3030.3857632709532,0.0,10,1087,0.016459941864013672,
LUKSAN13,98,224,0,0.0,195.0141643914926,5,1000,0.24273037910461426,
LUKSAN13LS,98,0,0,26794.998595341323,0.0,8,1079,0.015463113784790039,
LUKSAN14,98,224,0,0.0,11.21654061670016,5,1000,0.19502496719360352,
LUKSAN14LS,98,0,0,339.3368883700435,0.0,5,1067,0.014715909957885742,
LUKSAN15,100,196,0,0.0,6.572008631613194,5,1030,0.28542423248291016,
LUKSAN15LS,100,0,0,24785.067142691583,0.0,9,1000,0.07474660873413086,
LUKSAN16,100,196,0,0.0,3.221617675478872,5,1020,0.19855928421020508,
LUKSAN16LS,100,0,0,12798.112597510917,0.0,9,1000,0.02919602394104004,
LUKSAN17,100,196,0,0.0,1243.1310693010166,5,1015,0.19307446479797363,
LUKSAN17LS,100,0,1,296236.62914127705,0.0,9,1091,0.054169416427612305,
LUKSAN21,100,100,0,0.0,9.761339239982632,5,1010,0.09826827049255371,
LUKSAN21LS,100,0,0,97.09747796166243,0.0,6,1045,0.013842344284057617,
LUKSAN22,100,198,0,0.0,29.603224615913355,5,1020,0.1496264934539795,
LUKSAN22LS,100,0,0,1428.5700860029542,0.0,6,1095,0.018396377563476562,
MADSEN,3,6,-1,2.0,11.0,50,901,0.019772052764892578,
MADSSCHJ,201,398,0,1.0,42659.616875916734,3,1030,0.3694329261779785,
MAKELA1,3,2,1,0.0,0.0,50,901,0.01818561553955078,
MAKELA2,3,3,-1,0.0,29.154759474226502,50,901,0.01943206787109375,
MAKELA3,21,20,0,0.0,832.4584073694012,19,1016,0.023659944534301758,
MAKELA4,21,40,0,1.0,49.69909455915671,19,1016,0.027933597564697266,
MANCINO,100,0,0,1101516313185.885,0.0,9,1000,0.7781286239624023,
MANCINONE,100,100,0,0.0,0.002830315068761844,5,1010,0.8415660858154297,
MARATOS,2,1,1,-1.000040374300362,8.075477986328286e-05,9,80,0.003973484039306641,
MARATOSB,2,0,1,48401.100000000086,0.0,36,505,0.00798654556274414,
MATRIX2,6,2,0,2e+40,3.535533905932738e+39,42,1000,0.02020883560180664,
MAXLIKA,8,0,-3,1191.576174037807,0.0,6,73,0.005776882171630859,
MCONCON,15,11,-3,2e+20,5e+39,6,205,0.01265859603881836,
MDHOLE,2,0,1,1.5564788673334583e-07,0.0,31,461,0.007753610610961914,
MESH,33,48,1,-0.0017983533927462567,1.8332687985915756e-06,13,1004,0.06539630889892578,
METHANB8,31,31,0,0.0,0.0045390777813998345,16,1002,0.05668187141418457,
METHANB8LS,31,0,0,0.17417406562190318,0.0,10,1008,0.013103485107421875,
METHANL8,31,31,0,0.0,5.868998004191551e-05,16,1030,0.03640937805175781,
METHANL8LS,31,0,1,3687.1319880129436,0.0,24,1022,0.012758970260620117,
MEXHAT,2,0,1,-0.039093678362321596,0.0,42,719,0.00751185417175293,
MEYER3,3,0,-2,140129109.5643411,0.0,50,779,0.008628129959106445,
MEYER3NE,3,16,-1,0.0,9466.281324883645,50,836,0.03637290000915527,
MGH09,4,11,-1,0.0,0.028662037647099063,50,554,0.023374557495117188,
MGH09LS,4,0,1,0.001363769333797534,0.0,24,240,0.006585836410522461,
MGH10,3,16,-3,0.0,66721489.10289936,28,417,0.03682875633239746,
MGH10LS,3,0,1,4476647893191176.0,0.0,36,541,0.007619142532348633,
MGH10S,3,16,-1,0.0,62375.99179973012,50,647,0.026398897171020508,
MGH10SLS,3,0,1,2772084075955270.0,0.0,6,46,0.005433559417724609,
MGH17,5,33,-1,0.0,1.0516885391660635,50,594,0.07237029075622559,
MGH17LS,5,0,1,1.0224320338398183,0.0,9,148,0.006036996841430664,
MGH17S,5,33,-1,0.0,0.5505805384584196,50,660,0.06947183609008789,
MGH17SLS,5,0,1,1.1028425803040176,0.0,7,96,0.006081581115722656,
MIFFLIN1,3,2,1,-1.0000039994897474,8.089868958592138e-06,12,182,0.012911796569824219,
MIFFLIN2,3,2,1,0.0,0.0,50,901,0.018453121185302734,
MINMAXBD,5,20,-2,189.38208220851894,1.0114931114912906e-10,50,858,0.02707815170288086,
MINMAXRB,3,4,-1,1.0,1.3855570461005122,50,901,0.01994943618774414,
MINSURF,36,0,1,1.0000005890555022,0.0,10,619,0.00932931900024414,
MISRA1A,2,14,-3,0.0,51.308215956321604,13,141,0.014488697052001953,
MISRA1ALS,2,0,1,20.031965727283904,0.0,37,538,0.007595062255859375,
MISRA1B,2,14,-1,0.0,67.91237750121749,50,580,0.030201196670532227,
MISRA1BLS,2,0,1,7.483797062576559,0.0,37,537,0.007843494415283203,
MISRA1C,2,14,-3,0.0,106.8282651188278,12,133,0.012985467910766602,
MISRA1CLS,2,0,-3,11412.27822829856,0.0,12,121,0.0055789947509765625,
MISRA1D,2,14,-1,0.0,80.12475173522391,50,667,0.030414581298828125,
MISRA1DLS,2,0,-2,1.2464255978814116,0.0,50,721,0.0076503753662109375,
MISTAKE,9,13,0,0.0,1.7320508075688772,34,1000,0.023497343063354492,
MNISTS0LS,494,0,0,11846.0,0.0,2,1000,8.96891474723816,
MNISTS5LS,494,0,0,10842.0,0.0,2,1000,8.933074951171875,
MOREBVNE,10,10,1,0.0,6.777835099030106e-05,30,652,0.018971681594848633,
MRIBASIS,24,55,0,24.98375,100.30082230345023,17,1010,0.03687882423400879,
MSS1,90,73,0,-4050.0,90.60353193998566,6,1011,0.03834652900695801,
MUONSINE,1,512,-1,0.0,0.006096729781095954,50,331,43.344544410705566,
MUONSINELS,1,0,1,12846.541397818819,0.0,36,459,0.013537406921386719,
MWRIGHT,5,3,1,24.978768102404068,8.701549512885284e-06,9,182,0.010658502578735352,
NASH,18,24,0,0.0,40.14280149097126,36,1012,0.09403133392333984,
NELSON,3,128,-3,0.0,2.6527617579431118,32,409,0.45147228240966797,
NELSONLS,3,0,-2,48.96640746918824,0.0,50,779,0.012685537338256836,
NET1,43,57,0,-7767.22380032785,1693.466106665182,11,1024,0.03243207931518555,
NET2,133,160,0,0.0,2870.2953330146493,4,1102,0.07163310050964355,
NET3,427,521,0,-1.5169506927656742e+21,8.660254037844387e+19,2,1286,0.37245750427246094,
NYSTROM5,15,20,0,0.0,0.00012152528729422695,31,1002,0.02955913543701172,
ODFITS,10,6,1,-2380.0017955198664,8.38092745234475e-10,10,232,0.010970354080200195,
OPTCNTRL,29,20,-3,1.25e+39,7.5e+37,6,373,0.015069246292114258,
OPTPRLOC,30,30,0,-1.5375000000000005,5.192660686006741,14,1000,0.024376869201660156,
ORTHREGB,27,6,0,3.285144651347643e-06,1.5833550333961417e-08,10,1022,0.02088022232055664,
OSBORNE1,5,33,-1,0.0,0.15662938167312013,50,963,0.22746872901916504,
OSBORNE2,11,65,0,0.0,0.6654865693296957,39,1009,0.1403501033782959,
OSBORNEA,5,0,-3,0.8790262935446401,0.0,18,271,0.006567239761352539,
OSBORNEB,11,0,1,0.04094818697338015,0.0,26,759,0.014114141464233398,
OSCIPANE,10,10,0,0.0,0.9999980266526964,43,1002,0.025919675827026367,
OSCIPATH,500,0,0,1.0,0.0,2,1014,0.08162665367126465,
OSLBQP,8,0,1,6.25e+39,0.0,6,121,0.00614619255065918,
PALMER1,4,0,1,11754.602641476533,0.0,41,543,0.008733749389648438,
PALMER1A,6,0,0,18.28503594886843,0.0,48,1000,0.011181831359863281,
PALMER1ANE,6,35,-1,0.0,0.30162775665798686,50,726,0.045249223709106445,
PALMER1B,4,0,1,3.4474840954825994,0.0,31,732,0.00957179069519043,
PALMER1BNE,4,35,-1,0.0,1.8579335782614195,50,548,0.0623018741607666,
PALMER1C,8,0,1,345295024.61318827,0.0,50,1000,0.011150360107421875,
PALMER1D,7,0,1,28726649.228552397,0.0,50,951,0.009930849075317383,
PALMER1E,8,0,1,2079258.4302146612,0.0,36,721,0.00913548469543457,
PALMER1ENE,8,35,-1,0.0,0.03624985419160115,50,965,0.08176112174987793,
PALMER1NE,4,31,-1,0.0,113.4439361934572,50,615,0.05501198768615723,
PALMER2,4,0,1,3651.097543919381,0.0,30,369,0.006931304931640625,
PALMER2A,6,0,0,0.15847462566439413,0.0,33,1004,0.010378837585449219,
PALMER2ANE,6,23,-1,0.0,0.5703189223863938,50,975,0.05332469940185547,
PALMER2B,4,0,1,0.6232719902263272,0.0,21,468,0.010717153549194336,
PALMER2BNE,4,23,-1,0.0,1.0582267422152656,50,732,0.06948089599609375,
PALMER2C,8,0,1,26894034.37171162,0.0,36,721,0.008379459381103516,
PALMER2E,8,0,1,230881.36913987744,0.0,36,721,0.008770227432250977,
PALMER2ENE,8,23,-1,0.0,0.01437368963315224,50,933,0.04445505142211914,
PALMER2NE,4,23,-1,0.0,60.87420199872609,50,765,0.04513812065124512,
PALMER3,4,0,1,2265.9582206858404,0.0,29,384,0.007707118988037109,
PALMER3A,6,0,0,0.04697394418700199,0.0,35,1000,0.011137247085571289,
PALMER3ANE,6,23,-1,0.0,0.1503118915314382,50,779,0.03283357620239258,
PALMER3B,4,0,1,4.227655709491472,0.0,13,195,0.005814313888549805,
PALMER3BNE,4,23,-1,0.0,2.056698566066263,50,562,0.035770416259765625,
PALMER3C,8,0,1,8121974.257823933,0.0,36,721,0.008356094360351562,
PALMER3E,8,0,1,88692.9599890346,0.0,36,721,0.00845479965209961,
PALMER3ENE,8,23,-1,0.0,0.00786743819770749,50,929,0.041535139083862305,
PALMER3NE,4,23,-1,0.0,49.186052102056934,50,749,0.03970766067504883,
PALMER4,4,0,0,2285.3836393374327,0.0,50,593,0.007870912551879883,
PALMER4A,6,0,0,0.058010592856653845,0.0,35,1000,0.009865999221801758,
PALMER4ANE,6,23,-1,0.0,0.6273905671681007,50,990,0.04885435104370117,
PALMER4B,4,0,1,6.835146255902806,0.0,13,194,0.0056493282318115234,
PALMER4BNE,4,23,-1,0.0,2.6546461288535896,50,550,0.03772902488708496,
PALMER4C,8,0,1,8094445.867910894,0.0,36,721,0.008954524993896484,
PALMER4E,8,0,1,85713.10465186552,0.0,36,721,0.0074460506439208984,
PALMER4ENE,8,23,-1,0.0,0.012165942352719393,50,942,0.04264473915100098,
PALMER4NE,4,23,-1,0.0,49.27469362541024,50,713,0.04779481887817383,
PALMER5A,8,0,1,2.127921314644701,0.0,9,210,0.006343841552734375,
PALMER5ANE,8,12,0,0.0,1.13062190306921,43,1007,0.06433725357055664,
PALMER5B,9,0,1,118660.76658147042,0.0,36,757,0.008783578872680664,
PALMER5BNE,9,12,0,0.0,0.22658728786705976,43,1004,0.03872990608215332,
PALMER5C,6,0,1,2.128086647247716,0.0,10,184,0.0060236454010009766,
PALMER5D,4,0,1,87.33939606512624,0.0,8,124,0.0051996707916259766,
PALMER5E,8,0,0,0.0827400517621197,0.0,26,1001,0.012618064880371094,
PALMER5ENE,8,12,0,0.0,0.40962752945234643,43,1000,0.04262566566467285,
PALMER6A,6,0,1,0.084361992607355,0.0,36,1000,0.008170366287231445,
PALMER6ANE,6,13,-1,0.0,0.25114108828852677,50,819,0.025007247924804688,
PALMER6C,8,0,1,772166.1145763813,0.0,36,721,0.00869441032409668,
PALMER6E,8,0,1,6337.288826631459,0.0,36,721,0.009064435958862305,
PALMER6ENE,8,13,-1,0.0,0.022228827162575376,50,967,0.0301821231842041,
PALMER7A,6,0,0,11.998486723427082,0.0,35,1003,0.01039743423461914,
PALMER7ANE,6,13,-1,0.0,4.327675369508262,50,784,0.02508711814880371,
PALMER7C,8,0,1,3205127.225543894,0.0,36,721,0.009405136108398438,
PALMER7E,8,0,1,17283.922180662135,0.0,36,721,0.008040666580200195,
PALMER7ENE,8,13,0,0.0,3.6569010128134365,50,1000,0.03344225883483887,
PALMER8A,6,0,1,0.07429274108609854,0.0,37,943,0.011077642440795898,
PALMER8ANE,6,12,-1,0.0,0.3310251550535267,50,812,0.027045011520385742,
PALMER8C,8,0,1,850271.0403397484,0.0,36,721,0.009645938873291016,
PALMER8E,8,0,1,3635.563740929088,0.0,36,721,0.008658409118652344,
PALMER8ENE,8,12,-1,0.0,0.0883999768186916,50,985,0.03662896156311035,
PARKCH,15,0,-3,-inf,0.0,6,179,0.07657408714294434,
PENALTY2,200,0,0,47116302552558.25,0.0,5,1050,0.044970035552978516,
PENALTY3,200,0,0,1583792509.0921876,0.0,5,1050,1.0469820499420166,
PENLT1NE,10,11,1,0.0,6.077729665741525e-05,27,605,0.019481897354125977,
PENLT2NE,4,8,1,0.0,5.128884128676304e-05,14,157,0.013423681259155273,
PENTAGON,6,15,-3,nan,0.0,32,726,0.02465653419494629,
PFIT1,3,3,1,0.0,7.363851358428823e-05,20,185,0.01078033447265625,
PFIT1LS,3,0,1,0.0002867676940485307,0.0,23,568,0.007759809494018555,
PFIT2,3,3,1,0.0,6.147772130375668e-05,31,306,0.018250226974487305,
PFIT2LS,3,0,-2,0.049514124090902126,0.0,50,620,0.009020328521728516,
PFIT3,3,3,-1,0.0,0.2867590814282001,50,489,0.014387369155883789,
PFIT3LS,3,0,0,0.07535894596833513,0.0,47,1000,0.011883974075317383,
PFIT4,3,3,-1,0.0,0.5656549423220489,50,559,0.019721269607543945,
PFIT4LS,3,0,-2,1995.5431325263048,0.0,50,736,0.009135723114013672,
POLAK1,3,2,-1,1.0,46.01124949503156,50,901,0.01759505271911621,
POLAK2,11,2,0,1.1,99.23772225974638,30,1010,0.017824411392211914,
POLAK3,12,10,0,2.0,134.80319957464425,28,1000,0.0268557071685791,
POLAK4,3,3,-1,0.0,0.053581223237392346,50,901,0.016999483108520508,
POLAK5,3,2,-1,1.0,71.45518862236668,50,901,0.016390562057495117,
POLAK6,5,4,-3,0.0,0.0,6,125,0.01091456413269043,
PORTFL1,12,1,1,0.020507173317230787,3.591293928906225e-13,13,378,0.009980440139770508,
PORTFL2,12,1,1,0.029705596251222773,6.37628838617843e-13,13,352,0.008059263229370117,
PORTFL3,12,1,1,0.03277557571161381,3.415323579503138e-13,13,352,0.008339405059814453,
PORTFL4,12,1,1,0.026312339366335154,1.580957587066223e-13,10,313,0.008765697479248047,
PORTFL6,12,1,1,0.025796155004938433,7.013833958069426e-14,11,352,0.00844430923461914,
POWELLBS,2,2,-1,0.0,0.00010341870111806941,50,483,0.014073610305786133,
POWELLBSLS,2,0,1,0.005105174889169508,0.0,39,564,0.007376194000244141,
POWELLSE,4,4,1,0.0,7.616088060567793e-05,19,211,0.010507822036743164,
POWELLSQ,2,2,-1,0.0,7.039874783505166,50,581,0.015322685241699219,
POWELLSQLS,2,0,1,119.78210262218369,0.0,9,92,0.0051746368408203125,
POWERSUM,4,0,1,284.0,0.0,36,577,0.007392168045043945,
POWERSUMB,4,0,1,37.43136115448293,0.0,19,289,0.006448507308959961,
POWERSUMNE,4,4,-1,0.0,6.315871393140085,50,543,0.01495981216430664,
PRICE3,2,0,1,16061.30920829825,0.0,36,505,0.007842063903808594,
PRICE3B,2,0,1,0.007415637800804244,0.0,9,58,0.004759788513183594,
PRICE3NE,2,2,1,0.0,2.3367855369168614e-05,11,67,0.01160740852355957,
PRICE4,2,0,-2,892.5756275746539,0.0,50,701,0.007734537124633789,
PRICE4B,2,0,1,0.0002956802947183085,0.0,9,54,0.005509614944458008,
PRICE4NE,2,2,1,0.0,7.721009361530758e-05,16,130,0.012253999710083008,
PRIMAL1,325,85,0,-5e+19,4.609772228646445e+20,2,1314,0.09132003784179688,
PRIMALC1,230,9,0,2.675000000000008e+41,3.1887847008029563e+25,3,1175,0.04375910758972168,
PRIMALC2,231,7,0,2.8500000000000098e+41,2.932722935541303e+25,3,1180,0.03739213943481445,
PRIMALC5,287,8,0,3.4625000000000165e+41,1.173449300598454e+25,2,1162,0.04840445518493652,
PROBPENL,500,0,0,1846771.980613661,0.0,2,1006,0.0852658748626709,
PRODPL0,60,29,-3,5.499999999999999e+21,8.00000023841858e+38,6,785,0.03235960006713867,
PRODPL1,60,29,-3,5.499999999999999e+21,8.00000011920929e+39,6,785,0.021649837493896484,
PSPDOC,4,0,1,5e+19,0.0,6,97,0.005162477493286133,
PT,2,501,-3,1.0,0.0,44,697,4.864657163619995,
QC,7,4,1,-956.597397350939,9.984294551155376e-06,12,161,0.009688615798950195,
QCNEW,7,3,-3,nan,0.0,6,117,0.01002049446105957,
QING,100,0,0,4689.9867578380345,0.0,5,1082,0.01833653450012207,
QINGB,5,0,1,7.458540475305364e-07,0.0,14,186,0.0067064762115478516,
QINGNE,100,100,0,0.0,4.537787530286786,5,1030,0.06324124336242676,
QPCBLEND,83,74,0,1.1412500011499997e+42,1.1516061775782037e+22,6,1050,0.04241442680358887,
QPCBOEI1,384,351,0,2.0911292368000007e+42,2.5839817170000483e+22,2,1157,0.2667851448059082,
QPCBOEI2,143,166,0,8.431514078500003e+41,4.122055075099616e+21,4,1030,0.11284232139587402,
QPCSTAIR,385,356,0,5.212618028e+42,4.99282863054759e+21,2,1160,0.20579195022583008,
QPNBLEND,83,74,0,9.337499976899998e+41,1.1516061775782037e+22,6,1050,0.033477067947387695,
QPNBOEI1,384,351,0,1.2891579643700001e+42,2.5839817170000483e+22,2,1157,0.27518558502197266,
QPNBOEI2,143,166,0,5.360739436625e+41,4.122055075099616e+21,4,1030,0.12581419944763184,
QPNSTAIR,385,356,0,4.298755362694997e+42,4.99282863054759e+21,2,1160,0.20484232902526855,
QR3DBD,457,610,0,0.0,2.0165849901568085,2,1374,0.6925621032714844,
RAT42,3,9,-1,0.0,93.55755557642377,50,661,0.024821996688842773,
RAT42LS,3,0,-2,11298.700638228482,0.0,50,741,0.009476900100708008,
RAT43,4,15,-1,0.0,483.2670404667739,50,544,0.03299069404602051,
RAT43LS,4,0,1,1076461.5963733343,0.0,7,83,0.00481724739074707,
READING6,101,50,0,-134.6359730252699,3.1950306365969354e-05,5,1020,0.038272857666015625,
RECIPE,3,3,-1,0.0,0.00012311095122786306,50,411,0.011980056762695312,
RECIPELS,3,0,1,1.965409376939818e-08,0.0,6,51,0.0037851333618164062,
RES,20,14,1,0.0,7.993604989256027e-15,6,229,0.013439655303955078,
RK23,17,11,-3,3e+20,0.7993052538159485,6,229,0.014276504516601562,
ROBOT,7,2,0,11.794300566244292,3.3096266812046347,49,1006,0.019106626510620117,
ROSENBR,2,0,1,8.967662068731487e-06,0.0,13,189,0.007992029190063477,
ROSENBRTU,2,0,1,100.9843710488092,0.0,6,25,0.006884336471557617,
ROSENMMX,5,4,1,0.0,0.0,46,1002,0.027704238891601562,
ROSZMAN1,4,25,-1,0.0,0.32600081752376164,50,802,0.06313419342041016,
ROSZMAN1LS,4,0,1,6.211314244709884,0.0,36,577,0.007843971252441406,
RSNBRNE,2,2,1,0.0,3.9067924042939154e-05,13,96,0.010452508926391602,
S268,5,5,-3,12045.928184970686,9.46605089776119e-05,33,719,0.018863916397094727,
S277-280,4,4,0,2.538095235e+20,4.166666649999999e+18,50,1000,0.017047405242919922,
S308,2,0,1,0.7731990573527678,0.0,7,48,0.004549980163574219,
S308NE,2,3,-1,0.0,0.8906268208912799,50,406,0.016096115112304688,
S316-322,2,1,1,334.311056306162,5.458239946698473e-05,35,279,0.009330987930297852,
S365,7,5,0,2.5e+39,5e+39,39,1004,0.020143508911132812,
S365MOD,7,5,0,2.5e+39,5e+39,39,1004,0.020494937896728516,
S368,8,0,1,-1.0000146298736896,9.942926287198617e-06,12,179,0.006500959396362305,
SANTA,21,23,0,0.0,1.1314701169786068,22,1001,0.03321337699890137,
SANTALS,21,0,1,0.0006894859649674883,0.0,26,1020,0.013135671615600586,
SCW1,7,8,-3,-16.00000014362136,9.948070792146756e-05,35,903,0.02353835105895996,
SENSORS,100,0,0,-2035.4034317195928,0.0,5,1059,0.8237974643707275,
SIM2BQP,1,0,1,3.469652752456762e-07,0.0,10,37,0.003495454788208008,
SIMBQP,2,0,1,6.336653179298623e-07,0.0,10,63,0.004708051681518555,
SIMPLLPA,2,2,1,1.3000000000000003,0.0,50,801,0.0171811580657959,
SIMPLLPB,2,3,0,1.2500000000000002,0.0,50,793,0.0187985897064209,
SINEVAL,2,0,1,1.9853274532063567e-05,0.0,34,560,0.007432222366333008,
SINVALNE,2,2,1,0.0,5.9677790661524864e-05,10,77,0.008418083190917969,
SISSER,2,0,1,1.10948031850644e-05,0.0,23,98,0.004501819610595703,
SMBANK,117,64,0,27257694.3244179,2208123.8852955475,5,1062,0.03348374366760254,
SNAIL,2,0,1,1.6604566653133606e-10,0.0,16,192,0.00545811653137207,
SNAKE,2,2,-1,2.0,4.090502573174318,50,801,0.017955541610717773,
SPANHYD,81,33,0,2210466806.933421,12909.42566319548,6,1066,0.029803752899169922,
SPECAN,9,0,1,1.8964935211356588e-06,0.0,19,564,0.21823573112487793,
SPIN2,102,100,0,0.0,56.06180905329359,5,1030,0.10287094116210938,
SPIN2LS,102,0,1,3257.0490019989074,0.0,9,1015,0.05046987533569336,
SPIN2OP,102,100,0,1.024906300381483,44.56253182272722,4,1050,0.08889913558959961,
SPIRAL,3,2,-3,0.12146641353928135,1.1438539856550856e-05,16,251,0.013517618179321289,
SSEBLIN,192,72,0,1.4400000000000005e+24,2.4494897427831777e+20,3,1170,0.044951677322387695,
SSEBNLN,192,96,0,1.4400000000000005e+24,2.4494897427831777e+20,3,1170,0.05250096321105957,
SSI,3,0,-2,0.0021535751293738892,0.0,50,475,0.007451295852661133,
SSINE,3,2,1,0.0,5.461206284879081e-05,47,949,0.018884897232055664,
STANCMIN,3,2,-3,nan,0.0,31,531,0.014539003372192383,
STATIC3,434,96,0,0.0,3.4641016151377556e+20,2,1307,0.11064481735229492,
STEENBRA,432,108,0,5.904e+39,0.0,3,1303,0.08909106254577637,
STEENBRB,468,108,0,3751.786135362675,5503.817039110221,2,1407,0.10280895233154297,
STEENBRD,468,108,0,1.4268000000001154e+24,0.0,3,1411,0.09497785568237305,
STEENBRF,468,108,0,4644.469907596659,5503.090404490917,2,1409,0.09773468971252441,
STRATEC,10,0,-3,-inf,0.0,6,144,0.0642552375793457,
STREG,4,0,1,48770676455.518906,0.0,36,557,0.007616281509399414,
STREGNE,4,2,1,5.82085815071032e-11,2.2315206618374916e-15,11,204,0.011102676391601562,
STRTCHDV,10,0,1,2.6952789001573137e-05,0.0,39,633,0.009655475616455078,
STRTCHDVB,10,0,1,2.4594660055591034e-05,0.0,28,496,0.007418155670166016,
STRTCHDVNE,10,9,1,0.0,5.833142381914941e-05,7,185,0.011537313461303711,
SUPERSIM,2,2,-1,5e+19,1.1180339887498948e+20,50,801,0.01646280288696289,
SWOPF,83,92,0,0.08064116484973072,0.5988359471047598,5,1008,0.04465985298156738,
SYNTHES1,6,6,-3,10.214924883170037,0.0,6,145,0.010755777359008789,
SYNTHES2,11,14,0,1e+21,1.25e+20,30,1010,0.026819944381713867,
SYNTHES3,17,23,0,68.75464407196222,0.7745966692414834,22,1002,0.02788257598876953,
TAME,2,1,-3,0.0,1e+20,6,49,0.004831790924072266,
TARGUS,162,63,0,1.1750000000000008e+41,7.599342076785336e+20,4,1147,0.04264974594116211,
TENBARS1,18,9,-3,1.4752098760000002e+21,1.767766955e+39,6,281,0.015734195709228516,
TENBARS2,18,8,-3,1.4752098760000002e+21,1.767766955e+39,6,241,0.013066291809082031,
TENBARS3,18,8,-3,1.4752098760000002e+21,7.410100333698251e+39,6,241,0.026556968688964844,
TENBARS4,18,9,-3,1.4752098760000002e+21,1.3034491561915008e-10,22,764,0.032026052474975586,
TFI1,3,101,-1,3.0,60.442071567958976,50,901,0.13595199584960938,
TFI2,3,101,-3,nan,0.0,46,801,0.11794543266296387,
TFI3,3,101,-3,5.367003099159174,0.0,33,587,0.07582902908325195,
THURBER,7,37,-1,0.0,82.49090801812814,50,957,0.05971932411193848,
THURBERLS,7,0,1,2050628.1043820856,0.0,36,685,0.009772300720214844,
TOINTGOR,50,0,0,1401.8697675031642,0.0,7,1047,0.013005733489990234,
TOINTPSP,50,0,0,278.5398451325976,0.0,7,1002,0.01303553581237793,
TOINTQOR,50,0,1,1175.573896501246,0.0,11,1037,0.012245655059814453,
TRIGGER,6,6,1,0.0,6.372888629729415e-05,49,741,0.019019365310668945,
TRIGON1,10,0,1,3.7235801141152716e-08,0.0,10,331,0.006340503692626953,
TRIGON1B,10,0,1,1.1677009313793626e-05,0.0,23,486,0.008127689361572266,
TRIGON1NE,10,10,0,0.0,0.7777758849616054,44,1001,0.02461862564086914,
TRIGON2,10,0,1,3.999935980639684,0.0,30,607,0.008787393569946289,
TRIGON2B,10,0,1,3.999935980639684,0.0,30,607,0.007931709289550781,
TRIGON2NE,10,31,0,0.0,2.0011010209172726,43,1000,0.0458981990814209,
TRIMLOSS,142,75,0,132.6,3e+20,4,1023,0.04602861404418945,
TRO11X3,150,61,0,3675.3149613791957,2.151920922092302e-09,4,1063,0.042627811431884766,
TRO3X3,30,13,0,20.052865865960154,2.5899670623678843e-05,8,1020,0.023045063018798828,
TRO4X4,63,25,0,18.077158007468793,2.1369681015336668e-05,6,1050,0.027437925338745117,
TRO5X5,108,41,0,24.52632759785475,2.7804847084207957e-06,5,1014,0.0343785285949707,
TRO6X2,45,21,0,772.8924796532283,0.5178040929096455,6,1023,0.025946855545043945,
TRUSPYR1,11,4,1,1.6313205299999998e+20,3.1921542634045567e-12,6,169,0.010594367980957031,
TRUSPYR2,11,11,1,1.6313205299999998e+20,2.4422189763575154e-10,6,157,0.023340702056884766,
TRY-B,2,1,1,4.949032327971285e-10,5.830891325331322e-13,15,214,0.010143041610717773,
TWIRISM1,343,313,0,49.4,69.98556246955256,2,1042,0.2253861427307129,
TWOBARS,2,2,1,2.8284271247461903,0.0,50,801,0.020054101943969727,
VANDANIUMS,22,10,0,0.0,3.484372458170618,19,1012,0.032839298248291016,
VANDANMSLS,22,0,1,12.14467177132451,0.0,6,145,0.006813764572143555,
VANDERM1,nan,nan,Failed,nan,nan,nan,nan,nan,Process failed
VANDERM2,nan,nan,Failed,nan,nan,nan,nan,nan,Process failed
VANDERM3,nan,nan,Failed,nan,nan,nan,nan,nan,Process failed
VANDERM4,nan,nan,Failed,nan,nan,nan,nan,nan,Process failed
VARDIM,200,0,0,3.0437887374858708e+16,0.0,5,1050,0.03329586982727051,
VARDIMNE,10,12,0,0.0,1.882520642129223e-05,42,1002,0.039817094802856445,
VESUVIALS,8,0,0,2655.904426962305,0.0,50,1000,0.11358761787414551,
VESUVIOLS,8,0,0,1538.7037909526578,0.0,48,1000,0.09923577308654785,
VESUVIOULS,8,0,0,0.7383803445506905,0.0,48,1000,0.1064300537109375,
VIBRBEAM,8,0,1,8231.275067268562,0.0,36,721,0.01720428466796875,
VIBRBEAMNE,8,30,0,0.0,3.2652805837658234,50,1000,0.06089353561401367,
WACHBIEG,3,2,1,1.0000000001845324,1.7798229048217483e-15,17,172,0.01946878433227539,
WATER,31,10,-3,137657.22152901502,9.516584998661968e-11,19,973,0.03305816650390625,
WATSON,12,0,1,5.922255492081954e-05,0.0,18,513,0.009016990661621094,
WATSONNE,12,31,0,0.0,0.00018513746789105347,37,1000,0.06956648826599121,
WAYSEA1,2,0,1,370890.0,0.0,36,505,0.00951695442199707,
WAYSEA1B,2,0,-2,0.2926772753236988,0.0,50,518,0.009625673294067383,
WAYSEA1NE,2,2,1,0.0,7.650413503193332e-05,8,49,0.014853239059448242,
WAYSEA2,2,0,1,1.923111742562371e-05,0.0,15,107,0.0066645145416259766,
WAYSEA2B,2,0,1,6.0528620316457076e-05,0.0,8,82,0.005591869354248047,
WAYSEA2NE,2,2,1,0.0,4.776756938885116e-05,17,113,0.015223979949951172,
WEEDS,3,0,0,4.433061260658677,0.0,47,1002,0.011962890625,
WEEDSNE,3,12,-1,0.0,67.09070676107095,50,756,0.044594764709472656,
WOMFLET,3,3,1,6.093054566132586e-05,0.0,21,300,0.02260136604309082,
YFIT,3,0,-2,775.1196929350822,0.0,50,751,0.009876489639282227,
YFITNE,3,17,-1,0.0,0.32901379449622553,50,736,0.04487776756286621,
YFITU,3,0,-2,775.1196929350822,0.0,50,751,0.010607481002807617,
YORKNET,312,256,0,1.2607499733567238e+42,1.3849628445196642e+39,2,1254,0.14143896102905273,
ZAMB2-10,264,96,0,-0.7933160560955655,0.0001318298439829398,2,1060,0.07172012329101562,
ZAMB2-11,264,96,0,-0.6854985039393676,0.00029846068025095096,2,1060,0.08191132545471191,
ZAMB2-8,132,48,0,0.726022411594673,1.571717241407489e-06,4,1064,0.05040478706359863,
ZAMB2-9,132,48,0,0.9713583546371002,1.5032363611831598e-06,4,1064,0.04959440231323242,
ZANGWIL2,2,0,1,-18.199994695368815,0.0,11,45,0.004961490631103516,
ZANGWIL3,3,3,-1,0.0,0.00014821822949588937,50,645,0.02091503143310547,
ZECEVIC2,2,2,-1,25.0,22.47220505424423,50,801,0.02309441566467285,
ZECEVIC3,2,2,-3,nan,0.0,31,474,0.019042491912841797,
ZECEVIC4,2,2,-3,nan,0.0,35,538,0.020864486694335938,
ZY2,3,2,1,2.5767030148604397,0.0,13,153,0.01842951774597168,
